hour,station_id,gate,units_out,units_in
2025-09-14 12:00:00,EOL-02,EOL,1,2
2025-09-14 12:00:00,FCT-01,FCT,7,9
2025-09-14 12:00:00,FCT-02,FCT,6,8
2025-09-14 12:00:00,ICT-01,ICT,6,8
2025-09-14 12:00:00,ICT-02,ICT,6,6
2025-09-14 13:00:00,EOL-01,EOL,3,5
2025-09-14 13:00:00,EOL-02,EOL,3,5
2025-09-14 13:00:00,EOL-03,EOL,5,6
2025-09-14 13:00:00,FCT-01,FCT,12,13
2025-09-14 13:00:00,FCT-02,FCT,11,12
2025-09-14 13:00:00,ICT-01,ICT,9,10
2025-09-14 13:00:00,ICT-02,ICT,9,10
2025-09-14 14:00:00,EOL-01,EOL,5,7
2025-09-14 14:00:00,EOL-02,EOL,1,1
2025-09-14 14:00:00,EOL-03,EOL,4,6
2025-09-14 14:00:00,FCT-01,FCT,12,14
2025-09-14 14:00:00,FCT-02,FCT,14,15
2025-09-14 14:00:00,ICT-01,ICT,4,4
2025-09-14 14:00:00,ICT-02,ICT,7,7
2025-09-14 15:00:00,EOL-01,EOL,4,4
2025-09-14 15:00:00,EOL-02,EOL,4,6
2025-09-14 15:00:00,EOL-03,EOL,3,5
2025-09-14 15:00:00,FCT-01,FCT,13,15
2025-09-14 15:00:00,FCT-02,FCT,7,7
2025-09-14 15:00:00,ICT-01,ICT,4,6
2025-09-14 15:00:00,ICT-02,ICT,3,4
2025-09-14 16:00:00,EOL-01,EOL,3,5
2025-09-14 16:00:00,EOL-02,EOL,1,2
2025-09-14 16:00:00,EOL-03,EOL,3,4
2025-09-14 16:00:00,FCT-01,FCT,3,4
2025-09-14 16:00:00,FCT-02,FCT,4,4
2025-09-14 16:00:00,ICT-01,ICT,6,6
2025-09-14 16:00:00,ICT-02,ICT,1,1
2025-09-14 17:00:00,EOL-01,EOL,2,3
2025-09-14 17:00:00,EOL-02,EOL,1,3
2025-09-14 17:00:00,EOL-03,EOL,3,4
2025-09-14 17:00:00,FCT-01,FCT,8,9
2025-09-14 17:00:00,FCT-02,FCT,11,13
2025-09-14 17:00:00,ICT-01,ICT,9,10
2025-09-14 17:00:00,ICT-02,ICT,7,7
2025-09-14 18:00:00,EOL-01,EOL,3,4
2025-09-14 18:00:00,EOL-02,EOL,5,7
2025-09-14 18:00:00,EOL-03,EOL,4,6
2025-09-14 18:00:00,FCT-01,FCT,14,16
2025-09-14 18:00:00,FCT-02,FCT,11,13
2025-09-14 18:00:00,ICT-01,ICT,4,6
2025-09-14 18:00:00,ICT-02,ICT,11,12
2025-09-14 19:00:00,EOL-01,EOL,1,1
2025-09-14 19:00:00,EOL-02,EOL,5,6
2025-09-14 19:00:00,EOL-03,EOL,2,3
2025-09-14 19:00:00,FCT-01,FCT,13,13
2025-09-14 19:00:00,FCT-02,FCT,7,7
2025-09-14 19:00:00,ICT-01,ICT,7,8
2025-09-14 19:00:00,ICT-02,ICT,6,7
2025-09-14 20:00:00,EOL-01,EOL,7,7
2025-09-14 20:00:00,EOL-02,EOL,3,5
2025-09-14 20:00:00,EOL-03,EOL,3,3
2025-09-14 20:00:00,FCT-01,FCT,12,13
2025-09-14 20:00:00,FCT-02,FCT,11,11
2025-09-14 20:00:00,ICT-01,ICT,2,2
2025-09-14 20:00:00,ICT-02,ICT,8,9
2025-09-14 21:00:00,EOL-01,EOL,3,4
2025-09-14 21:00:00,EOL-02,EOL,2,2
2025-09-14 21:00:00,EOL-03,EOL,4,5
2025-09-14 21:00:00,FCT-01,FCT,8,9
2025-09-14 21:00:00,FCT-02,FCT,15,16
2025-09-14 21:00:00,ICT-01,ICT,10,11
2025-09-14 21:00:00,ICT-02,ICT,8,8
2025-09-14 22:00:00,EOL-01,EOL,5,7
2025-09-14 22:00:00,EOL-02,EOL,4,5
2025-09-14 22:00:00,EOL-03,EOL,3,5
2025-09-14 22:00:00,FCT-01,FCT,10,10
2025-09-14 22:00:00,FCT-02,FCT,8,8
2025-09-14 23:00:00,EOL-02,EOL,2,3
2025-09-14 23:00:00,EOL-03,EOL,1,2
2025-09-15 12:00:00,EOL-03,EOL,1,3
2025-09-15 12:00:00,FCT-01,FCT,1,3
2025-09-15 12:00:00,FCT-02,FCT,1,1
2025-09-15 12:00:00,ICT-01,ICT,4,6
2025-09-15 12:00:00,ICT-02,ICT,3,5
2025-09-15 13:00:00,EOL-02,EOL,1,1
2025-09-15 13:00:00,EOL-03,EOL,3,4
2025-09-15 13:00:00,FCT-01,FCT,7,8
2025-09-15 13:00:00,FCT-02,FCT,9,10
2025-09-15 13:00:00,ICT-01,ICT,7,8
2025-09-15 13:00:00,ICT-02,ICT,6,7
2025-09-15 14:00:00,EOL-01,EOL,4,5
2025-09-15 14:00:00,EOL-02,EOL,3,3
2025-09-15 14:00:00,EOL-03,EOL,1,3
2025-09-15 14:00:00,FCT-01,FCT,4,6
2025-09-15 14:00:00,FCT-02,FCT,5,7
2025-09-15 14:00:00,ICT-01,ICT,4,4
2025-09-15 14:00:00,ICT-02,ICT,8,8
2025-09-15 15:00:00,EOL-02,EOL,2,4
2025-09-15 15:00:00,EOL-03,EOL,5,5
2025-09-15 15:00:00,FCT-01,FCT,10,12
2025-09-15 15:00:00,FCT-02,FCT,8,10
2025-09-15 15:00:00,ICT-01,ICT,8,8
2025-09-15 15:00:00,ICT-02,ICT,4,4
2025-09-15 16:00:00,EOL-01,EOL,3,5
2025-09-15 16:00:00,EOL-02,EOL,4,5
2025-09-15 16:00:00,EOL-03,EOL,4,5
2025-09-15 16:00:00,FCT-01,FCT,12,12
2025-09-15 16:00:00,FCT-02,FCT,10,11
2025-09-15 16:00:00,ICT-01,ICT,9,11
2025-09-15 16:00:00,ICT-02,ICT,3,5
2025-09-15 17:00:00,EOL-01,EOL,4,5
2025-09-15 17:00:00,EOL-02,EOL,1,1
2025-09-15 17:00:00,EOL-03,EOL,5,5
2025-09-15 17:00:00,FCT-01,FCT,15,16
2025-09-15 17:00:00,FCT-02,FCT,10,11
2025-09-15 17:00:00,ICT-01,ICT,7,7
2025-09-15 17:00:00,ICT-02,ICT,6,6
2025-09-15 18:00:00,EOL-01,EOL,2,4
2025-09-15 18:00:00,EOL-02,EOL,5,7
2025-09-15 18:00:00,EOL-03,EOL,4,4
2025-09-15 18:00:00,FCT-01,FCT,11,11
2025-09-15 18:00:00,FCT-02,FCT,12,12
2025-09-15 18:00:00,ICT-01,ICT,4,5
2025-09-15 18:00:00,ICT-02,ICT,7,9
2025-09-15 19:00:00,EOL-01,EOL,8,8
2025-09-15 19:00:00,EOL-02,EOL,2,2
2025-09-15 19:00:00,EOL-03,EOL,2,2
2025-09-15 19:00:00,FCT-01,FCT,15,17
2025-09-15 19:00:00,FCT-02,FCT,10,10
2025-09-15 19:00:00,ICT-01,ICT,8,9
2025-09-15 19:00:00,ICT-02,ICT,8,8
2025-09-15 20:00:00,EOL-01,EOL,5,5
2025-09-15 20:00:00,EOL-02,EOL,5,6
2025-09-15 20:00:00,EOL-03,EOL,2,3
2025-09-15 20:00:00,FCT-01,FCT,10,10
2025-09-15 20:00:00,FCT-02,FCT,8,9
2025-09-15 20:00:00,ICT-01,ICT,4,6
2025-09-15 20:00:00,ICT-02,ICT,1,3
2025-09-15 21:00:00,EOL-01,EOL,2,2
2025-09-15 21:00:00,EOL-03,EOL,1,3
2025-09-15 21:00:00,FCT-01,FCT,5,5
2025-09-15 21:00:00,FCT-02,FCT,1,1
2025-09-15 21:00:00,ICT-01,ICT,5,5
2025-09-15 21:00:00,ICT-02,ICT,3,5
2025-09-15 22:00:00,EOL-02,EOL,1,3
2025-09-15 22:00:00,EOL-03,EOL,4,6
2025-09-15 22:00:00,FCT-01,FCT,5,6
2025-09-15 22:00:00,FCT-02,FCT,3,3
2025-09-15 23:00:00,EOL-02,EOL,1,1
2025-09-16 12:00:00,FCT-01,FCT,3,5
2025-09-16 12:00:00,FCT-02,FCT,3,5
2025-09-16 12:00:00,ICT-01,ICT,6,8
2025-09-16 12:00:00,ICT-02,ICT,2,2
2025-09-16 13:00:00,EOL-01,EOL,2,4
2025-09-16 13:00:00,EOL-02,EOL,2,2
2025-09-16 13:00:00,EOL-03,EOL,1,1
2025-09-16 13:00:00,FCT-01,FCT,9,10
2025-09-16 13:00:00,FCT-02,FCT,4,5
2025-09-16 13:00:00,ICT-01,ICT,6,7
2025-09-16 13:00:00,ICT-02,ICT,5,6
2025-09-16 14:00:00,EOL-01,EOL,2,3
2025-09-16 14:00:00,EOL-02,EOL,5,5
2025-09-16 14:00:00,EOL-03,EOL,2,2
2025-09-16 14:00:00,FCT-01,FCT,9,11
2025-09-16 14:00:00,FCT-02,FCT,10,12
2025-09-16 14:00:00,ICT-01,ICT,3,4
2025-09-16 14:00:00,ICT-02,ICT,5,6
2025-09-16 15:00:00,EOL-01,EOL,2,3
2025-09-16 15:00:00,EOL-02,EOL,2,4
2025-09-16 15:00:00,EOL-03,EOL,5,5
2025-09-16 15:00:00,FCT-01,FCT,13,15
2025-09-16 15:00:00,FCT-02,FCT,13,13
2025-09-16 15:00:00,ICT-01,ICT,9,10
2025-09-16 15:00:00,ICT-02,ICT,5,6
2025-09-16 16:00:00,EOL-01,EOL,3,5
2025-09-16 16:00:00,EOL-02,EOL,1,2
2025-09-16 16:00:00,EOL-03,EOL,8,10
2025-09-16 16:00:00,FCT-01,FCT,11,11
2025-09-16 16:00:00,FCT-02,FCT,10,12
2025-09-16 16:00:00,ICT-01,ICT,3,4
2025-09-16 16:00:00,ICT-02,ICT,5,6
2025-09-16 17:00:00,EOL-01,EOL,2,2
2025-09-16 17:00:00,EOL-02,EOL,2,3
2025-09-16 17:00:00,EOL-03,EOL,5,7
2025-09-16 17:00:00,FCT-01,FCT,13,14
2025-09-16 17:00:00,FCT-02,FCT,13,15
2025-09-16 17:00:00,ICT-01,ICT,13,15
2025-09-16 17:00:00,ICT-02,ICT,7,8
2025-09-16 18:00:00,EOL-01,EOL,3,4
2025-09-16 18:00:00,EOL-02,EOL,5,6
2025-09-16 18:00:00,EOL-03,EOL,4,5
2025-09-16 18:00:00,FCT-01,FCT,14,14
2025-09-16 18:00:00,FCT-02,FCT,16,16
2025-09-16 18:00:00,ICT-01,ICT,6,7
2025-09-16 18:00:00,ICT-02,ICT,10,12
2025-09-16 19:00:00,EOL-01,EOL,5,5
2025-09-16 19:00:00,EOL-02,EOL,6,8
2025-09-16 19:00:00,EOL-03,EOL,3,4
2025-09-16 19:00:00,FCT-01,FCT,17,18
2025-09-16 19:00:00,FCT-02,FCT,18,18
2025-09-16 19:00:00,ICT-01,ICT,5,5
2025-09-16 19:00:00,ICT-02,ICT,15,17
2025-09-16 20:00:00,EOL-01,EOL,4,6
2025-09-16 20:00:00,EOL-02,EOL,5,7
2025-09-16 20:00:00,EOL-03,EOL,8,8
2025-09-16 20:00:00,FCT-01,FCT,13,13
2025-09-16 20:00:00,FCT-02,FCT,14,14
2025-09-16 20:00:00,ICT-01,ICT,6,7
2025-09-16 20:00:00,ICT-02,ICT,3,4
2025-09-16 21:00:00,EOL-01,EOL,2,2
2025-09-16 21:00:00,EOL-02,EOL,6,7
2025-09-16 21:00:00,FCT-01,FCT,9,11
2025-09-16 21:00:00,FCT-02,FCT,7,9
2025-09-16 21:00:00,ICT-01,ICT,5,7
2025-09-16 21:00:00,ICT-02,ICT,6,8
2025-09-16 22:00:00,EOL-01,EOL,3,5
2025-09-16 22:00:00,EOL-02,EOL,2,2
2025-09-16 22:00:00,EOL-03,EOL,3,5
2025-09-16 22:00:00,FCT-01,FCT,4,4
2025-09-16 22:00:00,FCT-02,FCT,3,3
2025-09-16 23:00:00,EOL-02,EOL,1,2
2025-09-17 12:00:00,EOL-02,EOL,1,1
2025-09-17 12:00:00,FCT-01,FCT,7,7
2025-09-17 12:00:00,FCT-02,FCT,6,6
2025-09-17 12:00:00,ICT-01,ICT,9,9
2025-09-17 12:00:00,ICT-02,ICT,8,8
2025-09-17 13:00:00,EOL-01,EOL,4,6
2025-09-17 13:00:00,EOL-02,EOL,4,5
2025-09-17 13:00:00,EOL-03,EOL,5,7
2025-09-17 13:00:00,FCT-01,FCT,15,17
2025-09-17 13:00:00,FCT-02,FCT,12,12
2025-09-17 13:00:00,ICT-01,ICT,8,8
2025-09-17 13:00:00,ICT-02,ICT,7,9
2025-09-17 14:00:00,EOL-01,EOL,4,5
2025-09-17 14:00:00,EOL-02,EOL,2,2
2025-09-17 14:00:00,EOL-03,EOL,5,6
2025-09-17 14:00:00,FCT-01,FCT,12,12
2025-09-17 14:00:00,FCT-02,FCT,16,18
2025-09-17 14:00:00,ICT-01,ICT,8,8
2025-09-17 14:00:00,ICT-02,ICT,9,11
2025-09-17 15:00:00,EOL-01,EOL,4,4
2025-09-17 15:00:00,EOL-02,EOL,3,5
2025-09-17 15:00:00,EOL-03,EOL,8,9
2025-09-17 15:00:00,FCT-01,FCT,21,22
2025-09-17 15:00:00,FCT-02,FCT,14,16
2025-09-17 15:00:00,ICT-01,ICT,16,16
2025-09-17 15:00:00,ICT-02,ICT,7,8
2025-09-17 16:00:00,EOL-01,EOL,6,6
2025-09-17 16:00:00,EOL-02,EOL,6,7
2025-09-17 16:00:00,EOL-03,EOL,7,9
2025-09-17 16:00:00,FCT-01,FCT,16,16
2025-09-17 16:00:00,FCT-02,FCT,13,15
2025-09-17 16:00:00,ICT-01,ICT,4,5
2025-09-17 16:00:00,ICT-02,ICT,3,4
2025-09-17 17:00:00,EOL-01,EOL,2,2
2025-09-17 17:00:00,EOL-03,EOL,3,3
2025-09-17 17:00:00,FCT-01,FCT,6,7
2025-09-17 17:00:00,FCT-02,FCT,9,11
2025-09-17 17:00:00,ICT-01,ICT,2,4
2025-09-17 17:00:00,ICT-02,ICT,7,7
2025-09-17 18:00:00,EOL-01,EOL,3,3
2025-09-17 18:00:00,EOL-02,EOL,3,5
2025-09-17 18:00:00,EOL-03,EOL,3,4
2025-09-17 18:00:00,FCT-01,FCT,12,13
2025-09-17 18:00:00,FCT-02,FCT,12,13
2025-09-17 18:00:00,ICT-01,ICT,5,6
2025-09-17 18:00:00,ICT-02,ICT,8,8
2025-09-17 19:00:00,EOL-01,EOL,3,3
2025-09-17 19:00:00,EOL-02,EOL,6,8
2025-09-17 19:00:00,EOL-03,EOL,2,2
2025-09-17 19:00:00,FCT-01,FCT,13,14
2025-09-17 19:00:00,FCT-02,FCT,12,13
2025-09-17 19:00:00,ICT-01,ICT,7,9
2025-09-17 19:00:00,ICT-02,ICT,3,5
2025-09-17 20:00:00,EOL-01,EOL,1,1
2025-09-17 20:00:00,EOL-02,EOL,3,4
2025-09-17 20:00:00,EOL-03,EOL,4,6
2025-09-17 20:00:00,FCT-01,FCT,6,8
2025-09-17 20:00:00,FCT-02,FCT,7,7
2025-09-17 20:00:00,ICT-01,ICT,2,3
2025-09-17 20:00:00,ICT-02,ICT,7,8
2025-09-17 21:00:00,EOL-01,EOL,3,5
2025-09-17 21:00:00,EOL-02,EOL,2,4
2025-09-17 21:00:00,EOL-03,EOL,2,4
2025-09-17 21:00:00,FCT-01,FCT,8,8
2025-09-17 21:00:00,FCT-02,FCT,10,11
2025-09-17 21:00:00,ICT-01,ICT,7,9
2025-09-17 21:00:00,ICT-02,ICT,4,5
2025-09-17 22:00:00,EOL-01,EOL,3,5
2025-09-17 22:00:00,EOL-02,EOL,6,7
2025-09-17 22:00:00,EOL-03,EOL,2,3
2025-09-17 22:00:00,FCT-01,FCT,6,8
2025-09-17 22:00:00,FCT-02,FCT,7,9
2025-09-18 12:00:00,EOL-03,EOL,1,1
2025-09-18 12:00:00,FCT-01,FCT,4,4
2025-09-18 12:00:00,FCT-02,FCT,3,5
2025-09-18 12:00:00,ICT-01,ICT,9,11
2025-09-18 12:00:00,ICT-02,ICT,2,3
2025-09-18 13:00:00,EOL-01,EOL,1,1
2025-09-18 13:00:00,EOL-02,EOL,4,4
2025-09-18 13:00:00,EOL-03,EOL,4,4
2025-09-18 13:00:00,FCT-01,FCT,16,17
2025-09-18 13:00:00,FCT-02,FCT,12,13
2025-09-18 13:00:00,ICT-01,ICT,10,10
2025-09-18 13:00:00,ICT-02,ICT,8,9
2025-09-18 14:00:00,EOL-01,EOL,4,6
2025-09-18 14:00:00,EOL-02,EOL,4,4
2025-09-18 14:00:00,EOL-03,EOL,5,7
2025-09-18 14:00:00,FCT-01,FCT,12,12
2025-09-18 14:00:00,FCT-02,FCT,6,6
2025-09-18 14:00:00,ICT-01,ICT,6,7
2025-09-18 14:00:00,ICT-02,ICT,4,4
2025-09-18 15:00:00,EOL-01,EOL,4,5
2025-09-18 15:00:00,EOL-02,EOL,6,7
2025-09-18 15:00:00,EOL-03,EOL,3,5
2025-09-18 15:00:00,FCT-01,FCT,12,14
2025-09-18 15:00:00,FCT-02,FCT,12,13
2025-09-18 15:00:00,ICT-01,ICT,8,8
2025-09-18 15:00:00,ICT-02,ICT,3,5
2025-09-18 16:00:00,EOL-01,EOL,2,2
2025-09-18 16:00:00,EOL-02,EOL,2,2
2025-09-18 16:00:00,EOL-03,EOL,1,2
2025-09-18 16:00:00,FCT-01,FCT,2,2
2025-09-18 16:00:00,FCT-02,FCT,5,6
2025-09-18 16:00:00,ICT-01,ICT,2,2
2025-09-18 16:00:00,ICT-02,ICT,4,6
2025-09-18 17:00:00,EOL-01,EOL,1,1
2025-09-18 17:00:00,EOL-02,EOL,2,4
2025-09-18 17:00:00,EOL-03,EOL,1,3
2025-09-18 17:00:00,FCT-01,FCT,7,7
2025-09-18 17:00:00,FCT-02,FCT,8,9
2025-09-18 17:00:00,ICT-01,ICT,5,6
2025-09-18 17:00:00,ICT-02,ICT,6,6
2025-09-18 18:00:00,EOL-01,EOL,5,6
2025-09-18 18:00:00,EOL-02,EOL,3,5
2025-09-18 18:00:00,EOL-03,EOL,2,2
2025-09-18 18:00:00,FCT-01,FCT,9,11
2025-09-18 18:00:00,FCT-02,FCT,13,13
2025-09-18 18:00:00,ICT-01,ICT,5,5
2025-09-18 18:00:00,ICT-02,ICT,7,7
2025-09-18 19:00:00,EOL-01,EOL,2,4
2025-09-18 19:00:00,EOL-02,EOL,4,6
2025-09-18 19:00:00,EOL-03,EOL,3,4
2025-09-18 19:00:00,FCT-01,FCT,13,13
2025-09-18 19:00:00,FCT-02,FCT,10,12
2025-09-18 19:00:00,ICT-01,ICT,6,8
2025-09-18 19:00:00,ICT-02,ICT,3,5
2025-09-18 20:00:00,EOL-01,EOL,1,1
2025-09-18 20:00:00,EOL-02,EOL,7,7
2025-09-18 20:00:00,EOL-03,EOL,2,3
2025-09-18 20:00:00,FCT-01,FCT,9,9
2025-09-18 20:00:00,FCT-02,FCT,12,12
2025-09-18 20:00:00,ICT-01,ICT,4,4
2025-09-18 20:00:00,ICT-02,ICT,4,5
2025-09-18 21:00:00,EOL-01,EOL,4,5
2025-09-18 21:00:00,EOL-02,EOL,2,2
2025-09-18 21:00:00,EOL-03,EOL,3,5
2025-09-18 21:00:00,FCT-01,FCT,9,9
2025-09-18 21:00:00,FCT-02,FCT,11,12
2025-09-18 21:00:00,ICT-01,ICT,8,9
2025-09-18 21:00:00,ICT-02,ICT,5,5
2025-09-18 22:00:00,EOL-01,EOL,3,5
2025-09-18 22:00:00,EOL-02,EOL,4,5
2025-09-18 22:00:00,EOL-03,EOL,3,3
2025-09-18 22:00:00,FCT-01,FCT,8,8
2025-09-18 22:00:00,FCT-02,FCT,7,7
2025-09-18 22:00:00,ICT-01,ICT,2,4
2025-09-18 23:00:00,EOL-02,EOL,1,1
2025-09-18 23:00:00,EOL-03,EOL,1,1
2025-09-18 23:00:00,FCT-01,FCT,1,1
2025-09-19 12:00:00,FCT-01,FCT,5,5
2025-09-19 12:00:00,FCT-02,FCT,6,7
2025-09-19 12:00:00,ICT-01,ICT,8,9
2025-09-19 12:00:00,ICT-02,ICT,8,9
2025-09-19 13:00:00,EOL-01,EOL,2,2
2025-09-19 13:00:00,EOL-02,EOL,4,6
2025-09-19 13:00:00,EOL-03,EOL,5,5
2025-09-19 13:00:00,FCT-01,FCT,10,10
2025-09-19 13:00:00,FCT-02,FCT,13,13
2025-09-19 13:00:00,ICT-01,ICT,4,4
2025-09-19 13:00:00,ICT-02,ICT,5,7
2025-09-19 14:00:00,EOL-01,EOL,4,6
2025-09-19 14:00:00,EOL-02,EOL,3,4
2025-09-19 14:00:00,EOL-03,EOL,2,3
2025-09-19 14:00:00,FCT-01,FCT,10,11
2025-09-19 14:00:00,FCT-02,FCT,14,15
2025-09-19 14:00:00,ICT-01,ICT,3,3
2025-09-19 14:00:00,ICT-02,ICT,13,15
2025-09-19 15:00:00,EOL-01,EOL,4,5
2025-09-19 15:00:00,EOL-02,EOL,3,3
2025-09-19 15:00:00,EOL-03,EOL,7,7
2025-09-19 15:00:00,FCT-01,FCT,10,11
2025-09-19 15:00:00,FCT-02,FCT,7,9
2025-09-19 15:00:00,ICT-01,ICT,8,10
2025-09-19 15:00:00,ICT-02,ICT,3,3
2025-09-19 16:00:00,EOL-01,EOL,1,1
2025-09-19 16:00:00,EOL-02,EOL,5,5
2025-09-19 16:00:00,EOL-03,EOL,1,2
2025-09-19 16:00:00,FCT-01,FCT,8,8
2025-09-19 16:00:00,FCT-02,FCT,12,13
2025-09-19 16:00:00,ICT-01,ICT,5,5
2025-09-19 16:00:00,ICT-02,ICT,8,8
2025-09-19 17:00:00,EOL-01,EOL,2,4
2025-09-19 17:00:00,EOL-02,EOL,5,5
2025-09-19 17:00:00,EOL-03,EOL,6,6
2025-09-19 17:00:00,FCT-01,FCT,10,12
2025-09-19 17:00:00,FCT-02,FCT,10,12
2025-09-19 17:00:00,ICT-01,ICT,9,10
2025-09-19 17:00:00,ICT-02,ICT,8,10
2025-09-19 18:00:00,EOL-01,EOL,6,6
2025-09-19 18:00:00,EOL-02,EOL,5,5
2025-09-19 18:00:00,EOL-03,EOL,2,2
2025-09-19 18:00:00,FCT-01,FCT,10,10
2025-09-19 18:00:00,FCT-02,FCT,12,13
2025-09-19 18:00:00,ICT-01,ICT,5,6
2025-09-19 18:00:00,ICT-02,ICT,3,3
2025-09-19 19:00:00,EOL-01,EOL,2,4
2025-09-19 19:00:00,EOL-02,EOL,1,2
2025-09-19 19:00:00,EOL-03,EOL,4,6
2025-09-19 19:00:00,FCT-01,FCT,6,8
2025-09-19 19:00:00,FCT-02,FCT,6,6
2025-09-19 19:00:00,ICT-01,ICT,5,7
2025-09-19 19:00:00,ICT-02,ICT,4,5
2025-09-19 20:00:00,EOL-01,EOL,4,5
2025-09-19 20:00:00,EOL-02,EOL,3,5
2025-09-19 20:00:00,EOL-03,EOL,2,2
2025-09-19 20:00:00,FCT-01,FCT,10,12
2025-09-19 20:00:00,FCT-02,FCT,12,14
2025-09-19 20:00:00,ICT-01,ICT,5,5
2025-09-19 20:00:00,ICT-02,ICT,7,9
2025-09-19 21:00:00,EOL-01,EOL,3,5
2025-09-19 21:00:00,EOL-02,EOL,2,2
2025-09-19 21:00:00,EOL-03,EOL,4,4
2025-09-19 21:00:00,FCT-01,FCT,8,10
2025-09-19 21:00:00,FCT-02,FCT,9,10
2025-09-19 21:00:00,ICT-01,ICT,7,9
2025-09-19 21:00:00,ICT-02,ICT,4,4
2025-09-19 22:00:00,EOL-01,EOL,1,2
2025-09-19 22:00:00,EOL-02,EOL,1,3
2025-09-19 22:00:00,EOL-03,EOL,8,9
2025-09-19 22:00:00,FCT-01,FCT,7,7
2025-09-19 22:00:00,FCT-02,FCT,6,6
2025-09-20 12:00:00,EOL-03,EOL,1,1
2025-09-20 12:00:00,FCT-01,FCT,5,6
2025-09-20 12:00:00,FCT-02,FCT,4,5
2025-09-20 12:00:00,ICT-01,ICT,4,5
2025-09-20 12:00:00,ICT-02,ICT,10,11
2025-09-20 13:00:00,EOL-01,EOL,5,7
2025-09-20 13:00:00,EOL-02,EOL,4,5
2025-09-20 13:00:00,FCT-01,FCT,10,12
2025-09-20 13:00:00,FCT-02,FCT,11,12
2025-09-20 13:00:00,ICT-01,ICT,4,4
2025-09-20 13:00:00,ICT-02,ICT,5,5
2025-09-20 14:00:00,EOL-01,EOL,3,4
2025-09-20 14:00:00,EOL-02,EOL,1,2
2025-09-20 14:00:00,EOL-03,EOL,5,6
2025-09-20 14:00:00,FCT-01,FCT,15,16
2025-09-20 14:00:00,FCT-02,FCT,16,17
2025-09-20 14:00:00,ICT-01,ICT,10,10
2025-09-20 14:00:00,ICT-02,ICT,8,10
2025-09-20 15:00:00,EOL-01,EOL,2,4
2025-09-20 15:00:00,EOL-02,EOL,6,7
2025-09-20 15:00:00,EOL-03,EOL,4,5
2025-09-20 15:00:00,FCT-01,FCT,10,11
2025-09-20 15:00:00,FCT-02,FCT,10,12
2025-09-20 15:00:00,ICT-01,ICT,8,9
2025-09-20 15:00:00,ICT-02,ICT,6,7
2025-09-20 16:00:00,EOL-01,EOL,4,5
2025-09-20 16:00:00,EOL-02,EOL,2,4
2025-09-20 16:00:00,EOL-03,EOL,4,6
2025-09-20 16:00:00,FCT-01,FCT,9,10
2025-09-20 16:00:00,FCT-02,FCT,13,14
2025-09-20 16:00:00,ICT-01,ICT,8,10
2025-09-20 16:00:00,ICT-02,ICT,8,8
2025-09-20 17:00:00,EOL-01,EOL,3,4
2025-09-20 17:00:00,EOL-02,EOL,3,3
2025-09-20 17:00:00,EOL-03,EOL,6,8
2025-09-20 17:00:00,FCT-01,FCT,7,7
2025-09-20 17:00:00,FCT-02,FCT,13,14
2025-09-20 17:00:00,ICT-01,ICT,7,8
2025-09-20 17:00:00,ICT-02,ICT,4,6
2025-09-20 18:00:00,EOL-01,EOL,4,6
2025-09-20 18:00:00,EOL-03,EOL,5,6
2025-09-20 18:00:00,FCT-01,FCT,16,18
2025-09-20 18:00:00,FCT-02,FCT,15,17
2025-09-20 18:00:00,ICT-01,ICT,8,9
2025-09-20 18:00:00,ICT-02,ICT,6,8
2025-09-20 19:00:00,EOL-01,EOL,4,5
2025-09-20 19:00:00,EOL-02,EOL,5,6
2025-09-20 19:00:00,EOL-03,EOL,4,5
2025-09-20 19:00:00,FCT-01,FCT,10,11
2025-09-20 19:00:00,FCT-02,FCT,12,14
2025-09-20 19:00:00,ICT-01,ICT,9,10
2025-09-20 19:00:00,ICT-02,ICT,4,6
2025-09-20 20:00:00,EOL-01,EOL,5,5
2025-09-20 20:00:00,EOL-02,EOL,4,5
2025-09-20 20:00:00,EOL-03,EOL,3,4
2025-09-20 20:00:00,FCT-01,FCT,9,10
2025-09-20 20:00:00,FCT-02,FCT,12,12
2025-09-20 20:00:00,ICT-01,ICT,4,5
2025-09-20 20:00:00,ICT-02,ICT,5,5
2025-09-20 21:00:00,EOL-02,EOL,4,5
2025-09-20 21:00:00,EOL-03,EOL,3,3
2025-09-20 21:00:00,FCT-01,FCT,6,7
2025-09-20 21:00:00,FCT-02,FCT,6,8
2025-09-20 21:00:00,ICT-01,ICT,5,6
2025-09-20 21:00:00,ICT-02,ICT,7,7
2025-09-20 22:00:00,EOL-01,EOL,1,2
2025-09-20 22:00:00,EOL-02,EOL,1,2
2025-09-20 22:00:00,EOL-03,EOL,2,3
2025-09-20 22:00:00,FCT-01,FCT,3,3
2025-09-20 22:00:00,FCT-02,FCT,4,5
2025-09-20 22:00:00,ICT-01,ICT,1,3
2025-09-20 23:00:00,EOL-01,EOL,2,4
2025-09-20 23:00:00,FCT-01,FCT,1,3
2025-09-21 12:00:00,EOL-01,EOL,1,1
2025-09-21 12:00:00,FCT-01,FCT,2,3
2025-09-21 12:00:00,FCT-02,FCT,4,6
2025-09-21 12:00:00,ICT-01,ICT,3,4
2025-09-21 12:00:00,ICT-02,ICT,8,10
2025-09-21 13:00:00,EOL-01,EOL,2,4
2025-09-21 13:00:00,EOL-02,EOL,2,3
2025-09-21 13:00:00,EOL-03,EOL,2,2
2025-09-21 13:00:00,FCT-01,FCT,15,17
2025-09-21 13:00:00,FCT-02,FCT,15,16
2025-09-21 13:00:00,ICT-01,ICT,10,11
2025-09-21 13:00:00,ICT-02,ICT,8,10
2025-09-21 14:00:00,EOL-01,EOL,11,12
2025-09-21 14:00:00,EOL-02,EOL,4,6
2025-09-21 14:00:00,EOL-03,EOL,1,1
2025-09-21 14:00:00,FCT-01,FCT,11,13
2025-09-21 14:00:00,FCT-02,FCT,18,19
2025-09-21 14:00:00,ICT-01,ICT,7,7
2025-09-21 14:00:00,ICT-02,ICT,6,7
2025-09-21 15:00:00,EOL-01,EOL,2,2
2025-09-21 15:00:00,EOL-02,EOL,3,5
2025-09-21 15:00:00,EOL-03,EOL,5,7
2025-09-21 15:00:00,FCT-01,FCT,12,13
2025-09-21 15:00:00,FCT-02,FCT,14,16
2025-09-21 15:00:00,ICT-01,ICT,6,8
2025-09-21 15:00:00,ICT-02,ICT,9,9
2025-09-21 16:00:00,EOL-01,EOL,6,6
2025-09-21 16:00:00,EOL-02,EOL,4,5
2025-09-21 16:00:00,EOL-03,EOL,3,5
2025-09-21 16:00:00,FCT-01,FCT,15,16
2025-09-21 16:00:00,FCT-02,FCT,16,17
2025-09-21 16:00:00,ICT-01,ICT,7,8
2025-09-21 16:00:00,ICT-02,ICT,5,6
2025-09-21 17:00:00,EOL-01,EOL,2,2
2025-09-21 17:00:00,EOL-02,EOL,4,4
2025-09-21 17:00:00,EOL-03,EOL,5,5
2025-09-21 17:00:00,FCT-01,FCT,9,10
2025-09-21 17:00:00,FCT-02,FCT,12,12
2025-09-21 17:00:00,ICT-01,ICT,7,9
2025-09-21 17:00:00,ICT-02,ICT,9,9
2025-09-21 18:00:00,EOL-01,EOL,2,3
2025-09-21 18:00:00,EOL-02,EOL,4,6
2025-09-21 18:00:00,EOL-03,EOL,8,8
2025-09-21 18:00:00,FCT-01,FCT,11,12
2025-09-21 18:00:00,FCT-02,FCT,14,14
2025-09-21 18:00:00,ICT-01,ICT,5,5
2025-09-21 18:00:00,ICT-02,ICT,4,4
2025-09-21 19:00:00,EOL-01,EOL,3,4
2025-09-21 19:00:00,EOL-02,EOL,1,1
2025-09-21 19:00:00,EOL-03,EOL,7,8
2025-09-21 19:00:00,FCT-01,FCT,9,10
2025-09-21 19:00:00,FCT-02,FCT,15,15
2025-09-21 19:00:00,ICT-01,ICT,4,5
2025-09-21 19:00:00,ICT-02,ICT,10,12
2025-09-21 20:00:00,EOL-01,EOL,3,3
2025-09-21 20:00:00,EOL-02,EOL,2,4
2025-09-21 20:00:00,EOL-03,EOL,3,3
2025-09-21 20:00:00,FCT-01,FCT,8,10
2025-09-21 20:00:00,FCT-02,FCT,8,10
2025-09-21 20:00:00,ICT-01,ICT,3,5
2025-09-21 20:00:00,ICT-02,ICT,6,8
2025-09-21 21:00:00,EOL-01,EOL,3,5
2025-09-21 21:00:00,EOL-02,EOL,5,7
2025-09-21 21:00:00,EOL-03,EOL,1,1
2025-09-21 21:00:00,FCT-01,FCT,11,11
2025-09-21 21:00:00,FCT-02,FCT,11,12
2025-09-21 21:00:00,ICT-01,ICT,12,14
2025-09-21 21:00:00,ICT-02,ICT,2,3
2025-09-21 22:00:00,EOL-01,EOL,5,6
2025-09-21 22:00:00,EOL-02,EOL,1,2
2025-09-21 22:00:00,EOL-03,EOL,4,4
2025-09-21 22:00:00,FCT-01,FCT,4,4
2025-09-21 22:00:00,FCT-02,FCT,7,9
2025-09-21 23:00:00,EOL-03,EOL,1,1
2025-09-22 12:00:00,EOL-02,EOL,1,2
2025-09-22 12:00:00,FCT-01,FCT,9,9
2025-09-22 12:00:00,FCT-02,FCT,6,6
2025-09-22 12:00:00,ICT-01,ICT,7,8
2025-09-22 12:00:00,ICT-02,ICT,6,7
2025-09-22 13:00:00,EOL-01,EOL,7,7
2025-09-22 13:00:00,EOL-02,EOL,2,2
2025-09-22 13:00:00,EOL-03,EOL,3,3
2025-09-22 13:00:00,FCT-01,FCT,16,18
2025-09-22 13:00:00,FCT-02,FCT,9,10
2025-09-22 13:00:00,ICT-01,ICT,10,10
2025-09-22 13:00:00,ICT-02,ICT,6,7
2025-09-22 14:00:00,EOL-01,EOL,4,6
2025-09-22 14:00:00,EOL-02,EOL,5,7
2025-09-22 14:00:00,EOL-03,EOL,3,3
2025-09-22 14:00:00,FCT-01,FCT,11,12
2025-09-22 14:00:00,FCT-02,FCT,9,10
2025-09-22 14:00:00,ICT-01,ICT,4,4
2025-09-22 14:00:00,ICT-02,ICT,7,7
2025-09-22 15:00:00,EOL-01,EOL,3,5
2025-09-22 15:00:00,EOL-02,EOL,2,4
2025-09-22 15:00:00,EOL-03,EOL,3,4
2025-09-22 15:00:00,FCT-01,FCT,12,14
2025-09-22 15:00:00,FCT-02,FCT,10,11
2025-09-22 15:00:00,ICT-01,ICT,3,5
2025-09-22 15:00:00,ICT-02,ICT,8,10
2025-09-22 16:00:00,EOL-01,EOL,3,3
2025-09-22 16:00:00,EOL-02,EOL,5,5
2025-09-22 16:00:00,EOL-03,EOL,3,5
2025-09-22 16:00:00,FCT-01,FCT,10,12
2025-09-22 16:00:00,FCT-02,FCT,8,8
2025-09-22 16:00:00,ICT-01,ICT,10,12
2025-09-22 16:00:00,ICT-02,ICT,7,9
2025-09-22 17:00:00,EOL-01,EOL,5,7
2025-09-22 17:00:00,EOL-02,EOL,3,5
2025-09-22 17:00:00,EOL-03,EOL,2,3
2025-09-22 17:00:00,FCT-01,FCT,14,16
2025-09-22 17:00:00,FCT-02,FCT,13,15
2025-09-22 17:00:00,ICT-01,ICT,7,8
2025-09-22 17:00:00,ICT-02,ICT,11,13
2025-09-22 18:00:00,EOL-01,EOL,2,4
2025-09-22 18:00:00,EOL-02,EOL,5,7
2025-09-22 18:00:00,EOL-03,EOL,6,8
2025-09-22 18:00:00,FCT-01,FCT,19,20
2025-09-22 18:00:00,FCT-02,FCT,20,21
2025-09-22 18:00:00,ICT-01,ICT,8,10
2025-09-22 18:00:00,ICT-02,ICT,10,10
2025-09-22 19:00:00,EOL-01,EOL,6,6
2025-09-22 19:00:00,EOL-02,EOL,5,7
2025-09-22 19:00:00,EOL-03,EOL,7,8
2025-09-22 19:00:00,FCT-01,FCT,18,20
2025-09-22 19:00:00,FCT-02,FCT,13,15
2025-09-22 19:00:00,ICT-01,ICT,4,6
2025-09-22 19:00:00,ICT-02,ICT,8,8
2025-09-22 20:00:00,EOL-01,EOL,4,5
2025-09-22 20:00:00,EOL-02,EOL,3,3
2025-09-22 20:00:00,EOL-03,EOL,3,5
2025-09-22 20:00:00,FCT-01,FCT,4,6
2025-09-22 20:00:00,FCT-02,FCT,4,4
2025-09-22 20:00:00,ICT-01,ICT,1,2
2025-09-22 20:00:00,ICT-02,ICT,4,6
2025-09-22 21:00:00,EOL-02,EOL,2,4
2025-09-22 21:00:00,EOL-03,EOL,1,2
2025-09-22 21:00:00,FCT-01,FCT,7,8
2025-09-22 21:00:00,FCT-02,FCT,6,6
2025-09-22 21:00:00,ICT-01,ICT,3,5
2025-09-22 21:00:00,ICT-02,ICT,6,6
2025-09-22 22:00:00,EOL-01,EOL,1,1
2025-09-22 22:00:00,EOL-02,EOL,4,5
2025-09-22 22:00:00,EOL-03,EOL,1,1
2025-09-22 22:00:00,FCT-01,FCT,3,3
2025-09-22 22:00:00,FCT-02,FCT,3,4
2025-09-23 12:00:00,EOL-01,EOL,1,1
2025-09-23 12:00:00,EOL-03,EOL,1,1
2025-09-23 12:00:00,FCT-01,FCT,9,10
2025-09-23 12:00:00,FCT-02,FCT,9,9
2025-09-23 12:00:00,ICT-01,ICT,12,13
2025-09-23 12:00:00,ICT-02,ICT,6,8
2025-09-23 13:00:00,EOL-01,EOL,5,5
2025-09-23 13:00:00,EOL-02,EOL,4,5
2025-09-23 13:00:00,EOL-03,EOL,4,4
2025-09-23 13:00:00,FCT-01,FCT,14,15
2025-09-23 13:00:00,FCT-02,FCT,13,14
2025-09-23 13:00:00,ICT-01,ICT,4,4
2025-09-23 13:00:00,ICT-02,ICT,12,14
2025-09-23 14:00:00,EOL-01,EOL,6,6
2025-09-23 14:00:00,EOL-02,EOL,5,6
2025-09-23 14:00:00,EOL-03,EOL,5,5
2025-09-23 14:00:00,FCT-01,FCT,11,11
2025-09-23 14:00:00,FCT-02,FCT,11,12
2025-09-23 14:00:00,ICT-01,ICT,4,4
2025-09-23 14:00:00,ICT-02,ICT,5,6
2025-09-23 15:00:00,EOL-01,EOL,3,5
2025-09-23 15:00:00,EOL-03,EOL,2,2
2025-09-23 15:00:00,FCT-01,FCT,7,8
2025-09-23 15:00:00,FCT-02,FCT,7,8
2025-09-23 15:00:00,ICT-01,ICT,9,10
2025-09-23 15:00:00,ICT-02,ICT,8,8
2025-09-23 16:00:00,EOL-01,EOL,7,7
2025-09-23 16:00:00,EOL-02,EOL,2,2
2025-09-23 16:00:00,EOL-03,EOL,1,1
2025-09-23 16:00:00,FCT-01,FCT,17,17
2025-09-23 16:00:00,FCT-02,FCT,7,8
2025-09-23 16:00:00,ICT-01,ICT,4,4
2025-09-23 16:00:00,ICT-02,ICT,7,7
2025-09-23 17:00:00,EOL-01,EOL,6,6
2025-09-23 17:00:00,EOL-02,EOL,5,5
2025-09-23 17:00:00,EOL-03,EOL,3,4
2025-09-23 17:00:00,FCT-01,FCT,17,19
2025-09-23 17:00:00,FCT-02,FCT,16,17
2025-09-23 17:00:00,ICT-01,ICT,11,12
2025-09-23 17:00:00,ICT-02,ICT,9,10
2025-09-23 18:00:00,EOL-01,EOL,8,8
2025-09-23 18:00:00,EOL-02,EOL,5,7
2025-09-23 18:00:00,EOL-03,EOL,6,6
2025-09-23 18:00:00,FCT-01,FCT,18,20
2025-09-23 18:00:00,FCT-02,FCT,19,19
2025-09-23 18:00:00,ICT-01,ICT,4,5
2025-09-23 18:00:00,ICT-02,ICT,16,17
2025-09-23 19:00:00,EOL-01,EOL,6,8
2025-09-23 19:00:00,EOL-02,EOL,5,6
2025-09-23 19:00:00,EOL-03,EOL,5,7
2025-09-23 19:00:00,FCT-01,FCT,14,16
2025-09-23 19:00:00,FCT-02,FCT,14,14
2025-09-23 19:00:00,ICT-01,ICT,7,8
2025-09-23 19:00:00,ICT-02,ICT,5,6
2025-09-23 20:00:00,EOL-01,EOL,3,3
2025-09-23 20:00:00,EOL-02,EOL,1,1
2025-09-23 20:00:00,EOL-03,EOL,4,4
2025-09-23 20:00:00,FCT-01,FCT,8,8
2025-09-23 20:00:00,FCT-02,FCT,15,17
2025-09-23 20:00:00,ICT-01,ICT,11,12
2025-09-23 20:00:00,ICT-02,ICT,6,7
2025-09-23 21:00:00,EOL-01,EOL,2,3
2025-09-23 21:00:00,EOL-02,EOL,3,3
2025-09-23 21:00:00,EOL-03,EOL,6,7
2025-09-23 21:00:00,FCT-01,FCT,11,13
2025-09-23 21:00:00,FCT-02,FCT,9,11
2025-09-23 21:00:00,ICT-01,ICT,5,6
2025-09-23 21:00:00,ICT-02,ICT,5,5
2025-09-23 22:00:00,EOL-01,EOL,4,4
2025-09-23 22:00:00,EOL-02,EOL,2,2
2025-09-23 22:00:00,EOL-03,EOL,3,5
2025-09-23 22:00:00,FCT-01,FCT,3,5
2025-09-23 22:00:00,FCT-02,FCT,6,7
2025-09-24 12:00:00,FCT-01,FCT,7,7
2025-09-24 12:00:00,FCT-02,FCT,4,4
2025-09-24 12:00:00,ICT-01,ICT,8,8
2025-09-24 12:00:00,ICT-02,ICT,7,8
2025-09-24 13:00:00,EOL-01,EOL,3,5
2025-09-24 13:00:00,EOL-02,EOL,2,4
2025-09-24 13:00:00,EOL-03,EOL,4,4
2025-09-24 13:00:00,FCT-01,FCT,8,9
2025-09-24 13:00:00,FCT-02,FCT,11,12
2025-09-24 13:00:00,ICT-01,ICT,5,7
2025-09-24 13:00:00,ICT-02,ICT,3,5
2025-09-24 14:00:00,EOL-01,EOL,1,1
2025-09-24 14:00:00,EOL-02,EOL,1,1
2025-09-24 14:00:00,EOL-03,EOL,6,8
2025-09-24 14:00:00,FCT-01,FCT,8,10
2025-09-24 14:00:00,FCT-02,FCT,11,12
2025-09-24 14:00:00,ICT-01,ICT,7,7
2025-09-24 14:00:00,ICT-02,ICT,7,8
2025-09-24 15:00:00,EOL-01,EOL,3,5
2025-09-24 15:00:00,EOL-02,EOL,1,2
2025-09-24 15:00:00,EOL-03,EOL,5,7
2025-09-24 15:00:00,FCT-01,FCT,10,12
2025-09-24 15:00:00,FCT-02,FCT,9,9
2025-09-24 15:00:00,ICT-01,ICT,4,5
2025-09-24 15:00:00,ICT-02,ICT,6,7
2025-09-24 16:00:00,EOL-01,EOL,3,3
2025-09-24 16:00:00,EOL-02,EOL,7,9
2025-09-24 16:00:00,EOL-03,EOL,1,1
2025-09-24 16:00:00,FCT-01,FCT,12,12
2025-09-24 16:00:00,FCT-02,FCT,12,13
2025-09-24 16:00:00,ICT-01,ICT,9,10
2025-09-24 16:00:00,ICT-02,ICT,6,8
2025-09-24 17:00:00,EOL-01,EOL,4,6
2025-09-24 17:00:00,EOL-02,EOL,9,10
2025-09-24 17:00:00,EOL-03,EOL,3,3
2025-09-24 17:00:00,FCT-01,FCT,15,17
2025-09-24 17:00:00,FCT-02,FCT,15,16
2025-09-24 17:00:00,ICT-01,ICT,4,4
2025-09-24 17:00:00,ICT-02,ICT,11,11
2025-09-24 18:00:00,EOL-01,EOL,2,2
2025-09-24 18:00:00,EOL-02,EOL,1,3
2025-09-24 18:00:00,EOL-03,EOL,2,2
2025-09-24 18:00:00,FCT-01,FCT,7,9
2025-09-24 18:00:00,FCT-02,FCT,8,10
2025-09-24 18:00:00,ICT-01,ICT,6,8
2025-09-24 18:00:00,ICT-02,ICT,4,5
2025-09-24 19:00:00,EOL-01,EOL,1,3
2025-09-24 19:00:00,EOL-02,EOL,3,5
2025-09-24 19:00:00,EOL-03,EOL,5,7
2025-09-24 19:00:00,FCT-01,FCT,11,13
2025-09-24 19:00:00,FCT-02,FCT,7,7
2025-09-24 19:00:00,ICT-01,ICT,12,14
2025-09-24 19:00:00,ICT-02,ICT,6,6
2025-09-24 20:00:00,EOL-01,EOL,5,5
2025-09-24 20:00:00,EOL-02,EOL,5,5
2025-09-24 20:00:00,EOL-03,EOL,1,1
2025-09-24 20:00:00,FCT-01,FCT,14,15
2025-09-24 20:00:00,FCT-02,FCT,16,17
2025-09-24 20:00:00,ICT-01,ICT,7,9
2025-09-24 20:00:00,ICT-02,ICT,9,11
2025-09-24 21:00:00,EOL-01,EOL,7,8
2025-09-24 21:00:00,EOL-02,EOL,1,3
2025-09-24 21:00:00,EOL-03,EOL,8,10
2025-09-24 21:00:00,FCT-01,FCT,20,21
2025-09-24 21:00:00,FCT-02,FCT,17,17
2025-09-24 21:00:00,ICT-01,ICT,14,14
2025-09-24 21:00:00,ICT-02,ICT,11,11
2025-09-24 22:00:00,EOL-01,EOL,10,11
2025-09-24 22:00:00,EOL-02,EOL,4,4
2025-09-24 22:00:00,EOL-03,EOL,3,5
2025-09-24 22:00:00,FCT-01,FCT,10,12
2025-09-24 22:00:00,FCT-02,FCT,10,11
2025-09-25 12:00:00,EOL-02,EOL,1,2
2025-09-25 12:00:00,FCT-01,FCT,9,10
2025-09-25 12:00:00,FCT-02,FCT,4,5
2025-09-25 12:00:00,ICT-01,ICT,10,11
2025-09-25 12:00:00,ICT-02,ICT,6,6
2025-09-25 13:00:00,EOL-01,EOL,7,8
2025-09-25 13:00:00,EOL-02,EOL,4,6
2025-09-25 13:00:00,EOL-03,EOL,4,4
2025-09-25 13:00:00,FCT-01,FCT,17,19
2025-09-25 13:00:00,FCT-02,FCT,14,15
2025-09-25 13:00:00,ICT-01,ICT,9,11
2025-09-25 13:00:00,ICT-02,ICT,8,10
2025-09-25 14:00:00,EOL-01,EOL,3,5
2025-09-25 14:00:00,EOL-02,EOL,6,8
2025-09-25 14:00:00,EOL-03,EOL,2,4
2025-09-25 14:00:00,FCT-01,FCT,9,11
2025-09-25 14:00:00,FCT-02,FCT,9,9
2025-09-25 14:00:00,ICT-01,ICT,6,7
2025-09-25 14:00:00,ICT-02,ICT,4,6
2025-09-25 15:00:00,EOL-01,EOL,3,3
2025-09-25 15:00:00,EOL-02,EOL,3,4
2025-09-25 15:00:00,FCT-01,FCT,6,8
2025-09-25 15:00:00,FCT-02,FCT,8,9
2025-09-25 15:00:00,ICT-01,ICT,9,9
2025-09-25 15:00:00,ICT-02,ICT,5,5
2025-09-25 16:00:00,EOL-01,EOL,3,3
2025-09-25 16:00:00,EOL-02,EOL,1,2
2025-09-25 16:00:00,EOL-03,EOL,5,5
2025-09-25 16:00:00,FCT-01,FCT,9,9
2025-09-25 16:00:00,FCT-02,FCT,10,11
2025-09-25 16:00:00,ICT-01,ICT,9,11
2025-09-25 16:00:00,ICT-02,ICT,3,4
2025-09-25 17:00:00,EOL-01,EOL,3,5
2025-09-25 17:00:00,EOL-02,EOL,2,4
2025-09-25 17:00:00,EOL-03,EOL,3,3
2025-09-25 17:00:00,FCT-01,FCT,7,9
2025-09-25 17:00:00,FCT-02,FCT,9,10
2025-09-25 17:00:00,ICT-01,ICT,4,6
2025-09-25 17:00:00,ICT-02,ICT,9,11
2025-09-25 18:00:00,EOL-01,EOL,3,3
2025-09-25 18:00:00,EOL-02,EOL,5,7
2025-09-25 18:00:00,EOL-03,EOL,2,4
2025-09-25 18:00:00,FCT-01,FCT,12,12
2025-09-25 18:00:00,FCT-02,FCT,10,10
2025-09-25 18:00:00,ICT-01,ICT,9,11
2025-09-25 18:00:00,ICT-02,ICT,6,6
2025-09-25 19:00:00,EOL-01,EOL,8,8
2025-09-25 19:00:00,EOL-02,EOL,2,3
2025-09-25 19:00:00,EOL-03,EOL,2,4
2025-09-25 19:00:00,FCT-01,FCT,11,11
2025-09-25 19:00:00,FCT-02,FCT,10,11
2025-09-25 19:00:00,ICT-01,ICT,5,5
2025-09-25 19:00:00,ICT-02,ICT,3,5
2025-09-25 20:00:00,EOL-01,EOL,4,4
2025-09-25 20:00:00,EOL-02,EOL,2,4
2025-09-25 20:00:00,EOL-03,EOL,1,1
2025-09-25 20:00:00,FCT-01,FCT,13,13
2025-09-25 20:00:00,FCT-02,FCT,14,15
2025-09-25 20:00:00,ICT-01,ICT,8,10
2025-09-25 20:00:00,ICT-02,ICT,9,9
2025-09-25 21:00:00,EOL-01,EOL,2,3
2025-09-25 21:00:00,EOL-02,EOL,3,5
2025-09-25 21:00:00,EOL-03,EOL,7,8
2025-09-25 21:00:00,FCT-01,FCT,15,15
2025-09-25 21:00:00,FCT-02,FCT,11,13
2025-09-25 21:00:00,ICT-01,ICT,6,7
2025-09-25 21:00:00,ICT-02,ICT,11,13
2025-09-25 22:00:00,EOL-01,EOL,5,5
2025-09-25 22:00:00,EOL-02,EOL,4,4
2025-09-25 22:00:00,EOL-03,EOL,5,5
2025-09-25 22:00:00,FCT-01,FCT,8,9
2025-09-25 22:00:00,FCT-02,FCT,7,8
2025-09-26 12:00:00,FCT-01,FCT,4,4
2025-09-26 12:00:00,FCT-02,FCT,6,6
2025-09-26 12:00:00,ICT-01,ICT,2,3
2025-09-26 12:00:00,ICT-02,ICT,4,4
2025-09-26 13:00:00,EOL-01,EOL,1,2
2025-09-26 13:00:00,EOL-02,EOL,1,2
2025-09-26 13:00:00,EOL-03,EOL,4,6
2025-09-26 13:00:00,FCT-01,FCT,9,11
2025-09-26 13:00:00,FCT-02,FCT,11,13
2025-09-26 13:00:00,ICT-01,ICT,9,11
2025-09-26 13:00:00,ICT-02,ICT,8,8
2025-09-26 14:00:00,EOL-01,EOL,7,9
2025-09-26 14:00:00,EOL-02,EOL,3,4
2025-09-26 14:00:00,EOL-03,EOL,3,5
2025-09-26 14:00:00,FCT-01,FCT,7,9
2025-09-26 14:00:00,FCT-02,FCT,10,11
2025-09-26 14:00:00,ICT-01,ICT,6,6
2025-09-26 14:00:00,ICT-02,ICT,6,6
2025-09-26 15:00:00,EOL-01,EOL,3,5
2025-09-26 15:00:00,EOL-02,EOL,3,4
2025-09-26 15:00:00,EOL-03,EOL,4,6
2025-09-26 15:00:00,FCT-01,FCT,13,13
2025-09-26 15:00:00,FCT-02,FCT,8,10
2025-09-26 15:00:00,ICT-01,ICT,4,6
2025-09-26 15:00:00,ICT-02,ICT,5,7
2025-09-26 16:00:00,EOL-02,EOL,6,8
2025-09-26 16:00:00,EOL-03,EOL,3,5
2025-09-26 16:00:00,FCT-01,FCT,11,11
2025-09-26 16:00:00,FCT-02,FCT,6,8
2025-09-26 16:00:00,ICT-01,ICT,6,8
2025-09-26 16:00:00,ICT-02,ICT,6,7
2025-09-26 17:00:00,EOL-01,EOL,3,4
2025-09-26 17:00:00,EOL-02,EOL,1,1
2025-09-26 17:00:00,EOL-03,EOL,6,6
2025-09-26 17:00:00,FCT-01,FCT,15,17
2025-09-26 17:00:00,FCT-02,FCT,12,14
2025-09-26 17:00:00,ICT-01,ICT,9,10
2025-09-26 17:00:00,ICT-02,ICT,8,8
2025-09-26 18:00:00,EOL-01,EOL,5,6
2025-09-26 18:00:00,EOL-02,EOL,6,6
2025-09-26 18:00:00,EOL-03,EOL,1,1
2025-09-26 18:00:00,FCT-01,FCT,14,15
2025-09-26 18:00:00,FCT-02,FCT,14,14
2025-09-26 18:00:00,ICT-01,ICT,6,6
2025-09-26 18:00:00,ICT-02,ICT,6,7
2025-09-26 19:00:00,EOL-01,EOL,2,3
2025-09-26 19:00:00,EOL-02,EOL,3,3
2025-09-26 19:00:00,EOL-03,EOL,6,7
2025-09-26 19:00:00,FCT-01,FCT,13,15
2025-09-26 19:00:00,FCT-02,FCT,13,13
2025-09-26 19:00:00,ICT-01,ICT,3,5
2025-09-26 19:00:00,ICT-02,ICT,13,13
2025-09-26 20:00:00,EOL-01,EOL,2,2
2025-09-26 20:00:00,EOL-02,EOL,7,8
2025-09-26 20:00:00,EOL-03,EOL,4,4
2025-09-26 20:00:00,FCT-01,FCT,12,13
2025-09-26 20:00:00,FCT-02,FCT,18,19
2025-09-26 20:00:00,ICT-01,ICT,9,10
2025-09-26 20:00:00,ICT-02,ICT,9,11
2025-09-26 21:00:00,EOL-01,EOL,3,3
2025-09-26 21:00:00,EOL-02,EOL,7,8
2025-09-26 21:00:00,EOL-03,EOL,8,10
2025-09-26 21:00:00,FCT-01,FCT,16,18
2025-09-26 21:00:00,FCT-02,FCT,17,17
2025-09-26 21:00:00,ICT-01,ICT,10,10
2025-09-26 21:00:00,ICT-02,ICT,12,12
2025-09-26 22:00:00,EOL-01,EOL,1,3
2025-09-26 22:00:00,EOL-02,EOL,4,4
2025-09-26 22:00:00,EOL-03,EOL,6,7
2025-09-26 22:00:00,FCT-01,FCT,8,9
2025-09-26 22:00:00,FCT-02,FCT,6,6
2025-09-26 23:00:00,EOL-01,EOL,2,4
2025-09-27 12:00:00,EOL-01,EOL,2,4
2025-09-27 12:00:00,EOL-03,EOL,1,2
2025-09-27 12:00:00,FCT-01,FCT,8,8
2025-09-27 12:00:00,FCT-02,FCT,10,11
2025-09-27 12:00:00,ICT-01,ICT,9,9
2025-09-27 12:00:00,ICT-02,ICT,12,14
2025-09-27 13:00:00,EOL-01,EOL,9,9
2025-09-27 13:00:00,EOL-02,EOL,3,4
2025-09-27 13:00:00,EOL-03,EOL,4,6
2025-09-27 13:00:00,FCT-01,FCT,16,16
2025-09-27 13:00:00,FCT-02,FCT,18,18
2025-09-27 13:00:00,ICT-01,ICT,5,7
2025-09-27 13:00:00,ICT-02,ICT,6,7
2025-09-27 14:00:00,EOL-01,EOL,4,4
2025-09-27 14:00:00,EOL-02,EOL,2,3
2025-09-27 14:00:00,EOL-03,EOL,3,3
2025-09-27 14:00:00,FCT-01,FCT,7,7
2025-09-27 14:00:00,FCT-02,FCT,7,7
2025-09-27 14:00:00,ICT-01,ICT,6,6
2025-09-27 14:00:00,ICT-02,ICT,6,7
2025-09-27 15:00:00,EOL-01,EOL,3,5
2025-09-27 15:00:00,EOL-02,EOL,2,3
2025-09-27 15:00:00,EOL-03,EOL,3,3
2025-09-27 15:00:00,FCT-01,FCT,14,15
2025-09-27 15:00:00,FCT-02,FCT,16,17
2025-09-27 15:00:00,ICT-01,ICT,5,7
2025-09-27 15:00:00,ICT-02,ICT,9,9
2025-09-27 16:00:00,EOL-01,EOL,6,8
2025-09-27 16:00:00,EOL-02,EOL,2,4
2025-09-27 16:00:00,EOL-03,EOL,7,8
2025-09-27 16:00:00,FCT-01,FCT,11,13
2025-09-27 16:00:00,FCT-02,FCT,8,10
2025-09-27 16:00:00,ICT-01,ICT,7,8
2025-09-27 16:00:00,ICT-02,ICT,6,6
2025-09-27 17:00:00,EOL-01,EOL,4,5
2025-09-27 17:00:00,EOL-02,EOL,1,3
2025-09-27 17:00:00,EOL-03,EOL,3,5
2025-09-27 17:00:00,FCT-01,FCT,12,12
2025-09-27 17:00:00,FCT-02,FCT,11,13
2025-09-27 17:00:00,ICT-01,ICT,9,9
2025-09-27 17:00:00,ICT-02,ICT,6,6
2025-09-27 18:00:00,EOL-01,EOL,7,7
2025-09-27 18:00:00,EOL-02,EOL,5,6
2025-09-27 18:00:00,FCT-01,FCT,16,18
2025-09-27 18:00:00,FCT-02,FCT,17,17
2025-09-27 18:00:00,ICT-01,ICT,9,11
2025-09-27 18:00:00,ICT-02,ICT,4,4
2025-09-27 19:00:00,EOL-01,EOL,2,2
2025-09-27 19:00:00,EOL-02,EOL,5,7
2025-09-27 19:00:00,EOL-03,EOL,6,8
2025-09-27 19:00:00,FCT-01,FCT,8,8
2025-09-27 19:00:00,FCT-02,FCT,4,4
2025-09-27 19:00:00,ICT-01,ICT,7,8
2025-09-27 19:00:00,ICT-02,ICT,5,5
2025-09-27 20:00:00,EOL-01,EOL,3,3
2025-09-27 20:00:00,EOL-02,EOL,2,4
2025-09-27 20:00:00,EOL-03,EOL,2,3
2025-09-27 20:00:00,FCT-01,FCT,12,13
2025-09-27 20:00:00,FCT-02,FCT,12,14
2025-09-27 20:00:00,ICT-01,ICT,8,9
2025-09-27 20:00:00,ICT-02,ICT,4,5
2025-09-27 21:00:00,EOL-01,EOL,4,4
2025-09-27 21:00:00,EOL-02,EOL,3,4
2025-09-27 21:00:00,EOL-03,EOL,4,6
2025-09-27 21:00:00,FCT-01,FCT,10,11
2025-09-27 21:00:00,FCT-02,FCT,11,13
2025-09-27 21:00:00,ICT-01,ICT,5,6
2025-09-27 21:00:00,ICT-02,ICT,5,5
2025-09-27 22:00:00,EOL-01,EOL,6,6
2025-09-27 22:00:00,EOL-02,EOL,1,1
2025-09-27 22:00:00,EOL-03,EOL,1,1
2025-09-27 22:00:00,FCT-01,FCT,5,6
2025-09-27 22:00:00,FCT-02,FCT,5,5
2025-09-27 23:00:00,EOL-02,EOL,1,2
2025-09-28 12:00:00,FCT-01,FCT,7,7
2025-09-28 12:00:00,FCT-02,FCT,3,5
2025-09-28 12:00:00,ICT-01,ICT,10,11
2025-09-28 12:00:00,ICT-02,ICT,2,2
2025-09-28 13:00:00,EOL-01,EOL,2,2
2025-09-28 13:00:00,EOL-02,EOL,2,2
2025-09-28 13:00:00,EOL-03,EOL,5,5
2025-09-28 13:00:00,FCT-01,FCT,15,16
2025-09-28 13:00:00,FCT-02,FCT,11,12
2025-09-28 13:00:00,ICT-01,ICT,8,10
2025-09-28 13:00:00,ICT-02,ICT,7,8
2025-09-28 14:00:00,EOL-01,EOL,4,5
2025-09-28 14:00:00,EOL-02,EOL,3,4
2025-09-28 14:00:00,EOL-03,EOL,4,6
2025-09-28 14:00:00,FCT-01,FCT,10,12
2025-09-28 14:00:00,FCT-02,FCT,12,13
2025-09-28 14:00:00,ICT-01,ICT,6,6
2025-09-28 14:00:00,ICT-02,ICT,7,9
2025-09-28 15:00:00,EOL-01,EOL,3,4
2025-09-28 15:00:00,EOL-02,EOL,5,6
2025-09-28 15:00:00,EOL-03,EOL,4,4
2025-09-28 15:00:00,FCT-01,FCT,10,12
2025-09-28 15:00:00,FCT-02,FCT,13,15
2025-09-28 15:00:00,ICT-01,ICT,4,5
2025-09-28 15:00:00,ICT-02,ICT,7,7
2025-09-28 16:00:00,EOL-01,EOL,4,6
2025-09-28 16:00:00,EOL-02,EOL,2,4
2025-09-28 16:00:00,EOL-03,EOL,4,6
2025-09-28 16:00:00,FCT-01,FCT,9,10
2025-09-28 16:00:00,FCT-02,FCT,11,11
2025-09-28 16:00:00,ICT-01,ICT,5,7
2025-09-28 16:00:00,ICT-02,ICT,6,6
2025-09-28 17:00:00,EOL-01,EOL,4,5
2025-09-28 17:00:00,EOL-02,EOL,5,6
2025-09-28 17:00:00,EOL-03,EOL,4,4
2025-09-28 17:00:00,FCT-01,FCT,12,12
2025-09-28 17:00:00,FCT-02,FCT,18,18
2025-09-28 17:00:00,ICT-01,ICT,7,7
2025-09-28 17:00:00,ICT-02,ICT,12,13
2025-09-28 18:00:00,EOL-01,EOL,5,5
2025-09-28 18:00:00,EOL-02,EOL,2,2
2025-09-28 18:00:00,EOL-03,EOL,3,5
2025-09-28 18:00:00,FCT-01,FCT,12,13
2025-09-28 18:00:00,FCT-02,FCT,11,12
2025-09-28 18:00:00,ICT-01,ICT,7,9
2025-09-28 18:00:00,ICT-02,ICT,6,6
2025-09-28 19:00:00,EOL-01,EOL,4,5
2025-09-28 19:00:00,EOL-02,EOL,4,4
2025-09-28 19:00:00,EOL-03,EOL,5,7
2025-09-28 19:00:00,FCT-01,FCT,15,17
2025-09-28 19:00:00,FCT-02,FCT,13,13
2025-09-28 19:00:00,ICT-01,ICT,7,9
2025-09-28 19:00:00,ICT-02,ICT,7,7
2025-09-28 20:00:00,EOL-01,EOL,6,8
2025-09-28 20:00:00,EOL-02,EOL,1,3
2025-09-28 20:00:00,EOL-03,EOL,7,9
2025-09-28 20:00:00,FCT-01,FCT,19,19
2025-09-28 20:00:00,FCT-02,FCT,18,18
2025-09-28 20:00:00,ICT-01,ICT,9,11
2025-09-28 20:00:00,ICT-02,ICT,7,9
2025-09-28 21:00:00,EOL-01,EOL,5,7
2025-09-28 21:00:00,EOL-02,EOL,3,4
2025-09-28 21:00:00,EOL-03,EOL,6,8
2025-09-28 21:00:00,FCT-01,FCT,9,11
2025-09-28 21:00:00,FCT-02,FCT,10,11
2025-09-28 21:00:00,ICT-01,ICT,2,4
2025-09-28 21:00:00,ICT-02,ICT,6,7
2025-09-28 22:00:00,EOL-02,EOL,1,1
2025-09-28 22:00:00,EOL-03,EOL,3,4
2025-09-28 22:00:00,FCT-01,FCT,4,4
2025-09-28 22:00:00,FCT-02,FCT,3,3
2025-09-28 23:00:00,EOL-02,EOL,1,3
2025-09-29 12:00:00,FCT-01,FCT,3,5
2025-09-29 12:00:00,FCT-02,FCT,1,3
2025-09-29 12:00:00,ICT-01,ICT,2,4
2025-09-29 12:00:00,ICT-02,ICT,6,6
2025-09-29 13:00:00,EOL-01,EOL,3,5
2025-09-29 13:00:00,EOL-02,EOL,1,1
2025-09-29 13:00:00,EOL-03,EOL,1,2
2025-09-29 13:00:00,FCT-01,FCT,10,12
2025-09-29 13:00:00,FCT-02,FCT,10,12
2025-09-29 13:00:00,ICT-01,ICT,5,5
2025-09-29 13:00:00,ICT-02,ICT,12,13
2025-09-29 14:00:00,EOL-01,EOL,3,3
2025-09-29 14:00:00,EOL-02,EOL,5,6
2025-09-29 14:00:00,EOL-03,EOL,3,3
2025-09-29 14:00:00,FCT-01,FCT,13,15
2025-09-29 14:00:00,FCT-02,FCT,9,9
2025-09-29 14:00:00,ICT-01,ICT,5,6
2025-09-29 14:00:00,ICT-02,ICT,6,6
2025-09-29 15:00:00,EOL-01,EOL,2,3
2025-09-29 15:00:00,EOL-02,EOL,1,1
2025-09-29 15:00:00,EOL-03,EOL,5,5
2025-09-29 15:00:00,FCT-01,FCT,9,9
2025-09-29 15:00:00,FCT-02,FCT,9,9
2025-09-29 15:00:00,ICT-01,ICT,5,7
2025-09-29 15:00:00,ICT-02,ICT,6,6
2025-09-29 16:00:00,EOL-01,EOL,2,3
2025-09-29 16:00:00,EOL-02,EOL,3,5
2025-09-29 16:00:00,EOL-03,EOL,3,3
2025-09-29 16:00:00,FCT-01,FCT,9,10
2025-09-29 16:00:00,FCT-02,FCT,10,10
2025-09-29 16:00:00,ICT-01,ICT,8,10
2025-09-29 16:00:00,ICT-02,ICT,3,4
2025-09-29 17:00:00,EOL-01,EOL,5,5
2025-09-29 17:00:00,EOL-02,EOL,2,4
2025-09-29 17:00:00,EOL-03,EOL,2,4
2025-09-29 17:00:00,FCT-01,FCT,8,10
2025-09-29 17:00:00,FCT-02,FCT,10,10
2025-09-29 17:00:00,ICT-01,ICT,6,7
2025-09-29 17:00:00,ICT-02,ICT,8,10
2025-09-29 18:00:00,EOL-01,EOL,3,5
2025-09-29 18:00:00,EOL-02,EOL,2,3
2025-09-29 18:00:00,EOL-03,EOL,5,7
2025-09-29 18:00:00,FCT-01,FCT,11,11
2025-09-29 18:00:00,FCT-02,FCT,12,14
2025-09-29 18:00:00,ICT-01,ICT,3,3
2025-09-29 18:00:00,ICT-02,ICT,6,6
2025-09-29 19:00:00,EOL-01,EOL,2,2
2025-09-29 19:00:00,EOL-02,EOL,7,7
2025-09-29 19:00:00,EOL-03,EOL,1,3
2025-09-29 19:00:00,FCT-01,FCT,8,10
2025-09-29 19:00:00,FCT-02,FCT,10,10
2025-09-29 19:00:00,ICT-01,ICT,8,9
2025-09-29 19:00:00,ICT-02,ICT,4,5
2025-09-29 20:00:00,EOL-01,EOL,4,5
2025-09-29 20:00:00,EOL-02,EOL,6,7
2025-09-29 20:00:00,FCT-01,FCT,14,16
2025-09-29 20:00:00,FCT-02,FCT,15,15
2025-09-29 20:00:00,ICT-01,ICT,6,8
2025-09-29 20:00:00,ICT-02,ICT,12,14
2025-09-29 21:00:00,EOL-01,EOL,4,4
2025-09-29 21:00:00,EOL-02,EOL,5,6
2025-09-29 21:00:00,EOL-03,EOL,5,6
2025-09-29 21:00:00,FCT-01,FCT,11,12
2025-09-29 21:00:00,FCT-02,FCT,12,12
2025-09-29 21:00:00,ICT-01,ICT,4,4
2025-09-29 21:00:00,ICT-02,ICT,6,6
2025-09-29 22:00:00,EOL-01,EOL,3,3
2025-09-29 22:00:00,EOL-02,EOL,3,3
2025-09-29 22:00:00,EOL-03,EOL,2,4
2025-09-29 22:00:00,FCT-01,FCT,7,7
2025-09-29 22:00:00,FCT-02,FCT,7,7
2025-09-29 23:00:00,EOL-03,EOL,1,1
2025-09-30 12:00:00,EOL-01,EOL,1,2
2025-09-30 12:00:00,EOL-02,EOL,1,1
2025-09-30 12:00:00,FCT-01,FCT,8,9
2025-09-30 12:00:00,FCT-02,FCT,7,8
2025-09-30 12:00:00,ICT-01,ICT,7,8
2025-09-30 12:00:00,ICT-02,ICT,7,8
2025-09-30 13:00:00,EOL-01,EOL,1,2
2025-09-30 13:00:00,EOL-02,EOL,3,3
2025-09-30 13:00:00,EOL-03,EOL,4,6
2025-09-30 13:00:00,FCT-01,FCT,10,10
2025-09-30 13:00:00,FCT-02,FCT,7,7
2025-09-30 13:00:00,ICT-01,ICT,7,7
2025-09-30 13:00:00,ICT-02,ICT,7,8
2025-09-30 14:00:00,EOL-01,EOL,7,9
2025-09-30 14:00:00,EOL-02,EOL,2,3
2025-09-30 14:00:00,EOL-03,EOL,1,2
2025-09-30 14:00:00,FCT-01,FCT,10,11
2025-09-30 14:00:00,FCT-02,FCT,16,17
2025-09-30 14:00:00,ICT-01,ICT,10,12
2025-09-30 14:00:00,ICT-02,ICT,8,10
2025-09-30 15:00:00,EOL-01,EOL,2,3
2025-09-30 15:00:00,EOL-02,EOL,7,7
2025-09-30 15:00:00,EOL-03,EOL,6,8
2025-09-30 15:00:00,FCT-01,FCT,16,18
2025-09-30 15:00:00,FCT-02,FCT,11,13
2025-09-30 15:00:00,ICT-01,ICT,14,14
2025-09-30 15:00:00,ICT-02,ICT,9,9
2025-09-30 16:00:00,EOL-01,EOL,4,4
2025-09-30 16:00:00,EOL-02,EOL,5,5
2025-09-30 16:00:00,EOL-03,EOL,7,8
2025-09-30 16:00:00,FCT-01,FCT,19,21
2025-09-30 16:00:00,FCT-02,FCT,20,21
2025-09-30 16:00:00,ICT-01,ICT,8,8
2025-09-30 16:00:00,ICT-02,ICT,12,12
2025-09-30 17:00:00,EOL-01,EOL,6,7
2025-09-30 17:00:00,EOL-02,EOL,5,5
2025-09-30 17:00:00,EOL-03,EOL,4,4
2025-09-30 17:00:00,FCT-01,FCT,14,15
2025-09-30 17:00:00,FCT-02,FCT,12,12
2025-09-30 17:00:00,ICT-01,ICT,5,6
2025-09-30 17:00:00,ICT-02,ICT,4,4
2025-09-30 18:00:00,EOL-01,EOL,2,3
2025-09-30 18:00:00,EOL-02,EOL,2,2
2025-09-30 18:00:00,EOL-03,EOL,4,5
2025-09-30 18:00:00,FCT-01,FCT,8,8
2025-09-30 18:00:00,FCT-02,FCT,11,13
2025-09-30 18:00:00,ICT-01,ICT,3,4
2025-09-30 18:00:00,ICT-02,ICT,9,10
2025-09-30 19:00:00,EOL-01,EOL,3,5
2025-09-30 19:00:00,EOL-02,EOL,4,6
2025-09-30 19:00:00,EOL-03,EOL,2,3
2025-09-30 19:00:00,FCT-01,FCT,7,9
2025-09-30 19:00:00,FCT-02,FCT,9,9
2025-09-30 19:00:00,ICT-01,ICT,7,8
2025-09-30 19:00:00,ICT-02,ICT,7,8
2025-09-30 20:00:00,EOL-01,EOL,4,6
2025-09-30 20:00:00,EOL-02,EOL,3,5
2025-09-30 20:00:00,EOL-03,EOL,4,6
2025-09-30 20:00:00,FCT-01,FCT,15,16
2025-09-30 20:00:00,FCT-02,FCT,15,16
2025-09-30 20:00:00,ICT-01,ICT,6,8
2025-09-30 20:00:00,ICT-02,ICT,20,22
2025-09-30 21:00:00,EOL-01,EOL,7,9
2025-09-30 21:00:00,EOL-02,EOL,5,6
2025-09-30 21:00:00,EOL-03,EOL,7,7
2025-09-30 21:00:00,FCT-01,FCT,16,16
2025-09-30 21:00:00,FCT-02,FCT,15,15
2025-09-30 21:00:00,ICT-01,ICT,3,3
2025-09-30 21:00:00,ICT-02,ICT,6,8
2025-09-30 22:00:00,EOL-01,EOL,3,3
2025-09-30 22:00:00,EOL-02,EOL,4,4
2025-09-30 22:00:00,EOL-03,EOL,3,5
2025-09-30 22:00:00,FCT-01,FCT,5,7
2025-09-30 22:00:00,FCT-02,FCT,3,3
2025-10-01 12:00:00,FCT-01,FCT,9,10
2025-10-01 12:00:00,FCT-02,FCT,5,6
2025-10-01 12:00:00,ICT-01,ICT,11,13
2025-10-01 12:00:00,ICT-02,ICT,9,9
2025-10-01 13:00:00,EOL-01,EOL,6,6
2025-10-01 13:00:00,EOL-02,EOL,4,5
2025-10-01 13:00:00,EOL-03,EOL,3,5
2025-10-01 13:00:00,FCT-01,FCT,17,19
2025-10-01 13:00:00,FCT-02,FCT,9,11
2025-10-01 13:00:00,ICT-01,ICT,8,8
2025-10-01 13:00:00,ICT-02,ICT,7,8
2025-10-01 14:00:00,EOL-01,EOL,3,5
2025-10-01 14:00:00,EOL-02,EOL,4,6
2025-10-01 14:00:00,EOL-03,EOL,5,5
2025-10-01 14:00:00,FCT-01,FCT,14,16
2025-10-01 14:00:00,FCT-02,FCT,18,18
2025-10-01 14:00:00,ICT-01,ICT,9,9
2025-10-01 14:00:00,ICT-02,ICT,10,12
2025-10-01 15:00:00,EOL-01,EOL,2,2
2025-10-01 15:00:00,EOL-02,EOL,7,8
2025-10-01 15:00:00,EOL-03,EOL,7,8
2025-10-01 15:00:00,FCT-01,FCT,8,10
2025-10-01 15:00:00,FCT-02,FCT,10,11
2025-10-01 15:00:00,ICT-01,ICT,4,6
2025-10-01 15:00:00,ICT-02,ICT,6,8
2025-10-01 16:00:00,EOL-01,EOL,3,4
2025-10-01 16:00:00,EOL-02,EOL,1,2
2025-10-01 16:00:00,EOL-03,EOL,1,2
2025-10-01 16:00:00,FCT-01,FCT,8,9
2025-10-01 16:00:00,FCT-02,FCT,12,14
2025-10-01 16:00:00,ICT-01,ICT,5,5
2025-10-01 16:00:00,ICT-02,ICT,11,11
2025-10-01 17:00:00,EOL-01,EOL,7,7
2025-10-01 17:00:00,EOL-02,EOL,1,3
2025-10-01 17:00:00,EOL-03,EOL,4,6
2025-10-01 17:00:00,FCT-01,FCT,9,11
2025-10-01 17:00:00,FCT-02,FCT,13,14
2025-10-01 17:00:00,ICT-01,ICT,6,7
2025-10-01 17:00:00,ICT-02,ICT,8,9
2025-10-01 18:00:00,EOL-01,EOL,4,4
2025-10-01 18:00:00,EOL-02,EOL,4,6
2025-10-01 18:00:00,EOL-03,EOL,2,2
2025-10-01 18:00:00,FCT-01,FCT,12,13
2025-10-01 18:00:00,FCT-02,FCT,5,6
2025-10-01 18:00:00,ICT-01,ICT,3,5
2025-10-01 18:00:00,ICT-02,ICT,12,12
2025-10-01 19:00:00,EOL-02,EOL,6,6
2025-10-01 19:00:00,EOL-03,EOL,5,5
2025-10-01 19:00:00,FCT-01,FCT,10,12
2025-10-01 19:00:00,FCT-02,FCT,15,16
2025-10-01 19:00:00,ICT-01,ICT,8,10
2025-10-01 19:00:00,ICT-02,ICT,9,11
2025-10-01 20:00:00,EOL-01,EOL,3,3
2025-10-01 20:00:00,EOL-02,EOL,7,7
2025-10-01 20:00:00,EOL-03,EOL,2,3
2025-10-01 20:00:00,FCT-01,FCT,16,16
2025-10-01 20:00:00,FCT-02,FCT,11,12
2025-10-01 20:00:00,ICT-01,ICT,6,6
2025-10-01 20:00:00,ICT-02,ICT,9,9
2025-10-01 21:00:00,EOL-01,EOL,3,4
2025-10-01 21:00:00,EOL-02,EOL,3,4
2025-10-01 21:00:00,EOL-03,EOL,6,8
2025-10-01 21:00:00,FCT-01,FCT,18,18
2025-10-01 21:00:00,FCT-02,FCT,13,15
2025-10-01 21:00:00,ICT-01,ICT,10,12
2025-10-01 21:00:00,ICT-02,ICT,10,11
2025-10-01 22:00:00,EOL-01,EOL,6,8
2025-10-01 22:00:00,EOL-02,EOL,4,4
2025-10-01 22:00:00,EOL-03,EOL,6,7
2025-10-01 22:00:00,FCT-01,FCT,6,6
2025-10-01 22:00:00,FCT-02,FCT,10,12
2025-10-02 12:00:00,EOL-01,EOL,2,2
2025-10-02 12:00:00,FCT-01,FCT,4,5
2025-10-02 12:00:00,FCT-02,FCT,4,4
2025-10-02 12:00:00,ICT-01,ICT,9,9
2025-10-02 12:00:00,ICT-02,ICT,5,7
2025-10-02 13:00:00,EOL-01,EOL,3,3
2025-10-02 13:00:00,EOL-02,EOL,2,3
2025-10-02 13:00:00,EOL-03,EOL,2,2
2025-10-02 13:00:00,FCT-01,FCT,15,16
2025-10-02 13:00:00,FCT-02,FCT,13,13
2025-10-02 13:00:00,ICT-01,ICT,6,6
2025-10-02 13:00:00,ICT-02,ICT,7,8
2025-10-02 14:00:00,EOL-01,EOL,9,11
2025-10-02 14:00:00,EOL-02,EOL,2,3
2025-10-02 14:00:00,EOL-03,EOL,3,5
2025-10-02 14:00:00,FCT-01,FCT,9,9
2025-10-02 14:00:00,FCT-02,FCT,10,10
2025-10-02 14:00:00,ICT-01,ICT,7,8
2025-10-02 14:00:00,ICT-02,ICT,12,13
2025-10-02 15:00:00,EOL-01,EOL,1,3
2025-10-02 15:00:00,EOL-02,EOL,3,5
2025-10-02 15:00:00,EOL-03,EOL,5,5
2025-10-02 15:00:00,FCT-01,FCT,17,17
2025-10-02 15:00:00,FCT-02,FCT,15,16
2025-10-02 15:00:00,ICT-01,ICT,8,10
2025-10-02 15:00:00,ICT-02,ICT,12,12
2025-10-02 16:00:00,EOL-01,EOL,3,5
2025-10-02 16:00:00,EOL-02,EOL,4,5
2025-10-02 16:00:00,EOL-03,EOL,8,8
2025-10-02 16:00:00,FCT-01,FCT,15,16
2025-10-02 16:00:00,FCT-02,FCT,18,20
2025-10-02 16:00:00,ICT-01,ICT,10,11
2025-10-02 16:00:00,ICT-02,ICT,9,11
2025-10-02 17:00:00,EOL-01,EOL,6,6
2025-10-02 17:00:00,EOL-02,EOL,4,6
2025-10-02 17:00:00,EOL-03,EOL,6,7
2025-10-02 17:00:00,FCT-01,FCT,13,14
2025-10-02 17:00:00,FCT-02,FCT,15,17
2025-10-02 17:00:00,ICT-01,ICT,4,6
2025-10-02 17:00:00,ICT-02,ICT,14,16
2025-10-02 18:00:00,EOL-01,EOL,4,6
2025-10-02 18:00:00,EOL-02,EOL,3,5
2025-10-02 18:00:00,EOL-03,EOL,6,8
2025-10-02 18:00:00,FCT-01,FCT,9,10
2025-10-02 18:00:00,FCT-02,FCT,14,14
2025-10-02 18:00:00,ICT-01,ICT,6,8
2025-10-02 18:00:00,ICT-02,ICT,6,7
2025-10-02 19:00:00,EOL-01,EOL,5,7
2025-10-02 19:00:00,EOL-02,EOL,1,2
2025-10-02 19:00:00,EOL-03,EOL,3,4
2025-10-02 19:00:00,FCT-01,FCT,11,12
2025-10-02 19:00:00,FCT-02,FCT,11,12
2025-10-02 19:00:00,ICT-01,ICT,5,5
2025-10-02 19:00:00,ICT-02,ICT,7,7
2025-10-02 20:00:00,EOL-01,EOL,1,3
2025-10-02 20:00:00,EOL-02,EOL,6,6
2025-10-02 20:00:00,EOL-03,EOL,4,5
2025-10-02 20:00:00,FCT-01,FCT,14,14
2025-10-02 20:00:00,FCT-02,FCT,12,13
2025-10-02 20:00:00,ICT-01,ICT,11,11
2025-10-02 20:00:00,ICT-02,ICT,8,9
2025-10-02 21:00:00,EOL-01,EOL,9,11
2025-10-02 21:00:00,EOL-02,EOL,4,4
2025-10-02 21:00:00,EOL-03,EOL,4,4
2025-10-02 21:00:00,FCT-01,FCT,12,13
2025-10-02 21:00:00,FCT-02,FCT,13,14
2025-10-02 21:00:00,ICT-01,ICT,9,11
2025-10-02 21:00:00,ICT-02,ICT,3,4
2025-10-02 22:00:00,EOL-01,EOL,3,5
2025-10-02 22:00:00,EOL-02,EOL,2,3
2025-10-02 22:00:00,EOL-03,EOL,2,4
2025-10-02 22:00:00,FCT-01,FCT,6,8
2025-10-02 22:00:00,FCT-02,FCT,5,6
2025-10-02 23:00:00,EOL-01,EOL,1,2
2025-10-02 23:00:00,EOL-02,EOL,1,3
2025-10-03 12:00:00,FCT-01,FCT,7,8
2025-10-03 12:00:00,FCT-02,FCT,8,8
2025-10-03 12:00:00,ICT-01,ICT,9,9
2025-10-03 12:00:00,ICT-02,ICT,7,9
2025-10-03 13:00:00,EOL-01,EOL,5,6
2025-10-03 13:00:00,EOL-02,EOL,4,4
2025-10-03 13:00:00,EOL-03,EOL,2,3
2025-10-03 13:00:00,FCT-01,FCT,13,13
2025-10-03 13:00:00,FCT-02,FCT,9,10
2025-10-03 13:00:00,ICT-01,ICT,10,12
2025-10-03 13:00:00,ICT-02,ICT,6,7
2025-10-03 14:00:00,EOL-01,EOL,4,4
2025-10-03 14:00:00,EOL-02,EOL,2,3
2025-10-03 14:00:00,EOL-03,EOL,5,5
2025-10-03 14:00:00,FCT-01,FCT,17,17
2025-10-03 14:00:00,FCT-02,FCT,15,17
2025-10-03 14:00:00,ICT-01,ICT,11,13
2025-10-03 14:00:00,ICT-02,ICT,7,9
2025-10-03 15:00:00,EOL-01,EOL,4,4
2025-10-03 15:00:00,EOL-02,EOL,4,4
2025-10-03 15:00:00,EOL-03,EOL,4,6
2025-10-03 15:00:00,FCT-01,FCT,15,17
2025-10-03 15:00:00,FCT-02,FCT,13,14
2025-10-03 15:00:00,ICT-01,ICT,9,10
2025-10-03 15:00:00,ICT-02,ICT,5,7
2025-10-03 16:00:00,EOL-01,EOL,5,6
2025-10-03 16:00:00,EOL-02,EOL,6,8
2025-10-03 16:00:00,EOL-03,EOL,3,4
2025-10-03 16:00:00,FCT-01,FCT,20,22
2025-10-03 16:00:00,FCT-02,FCT,18,19
2025-10-03 16:00:00,ICT-01,ICT,10,12
2025-10-03 16:00:00,ICT-02,ICT,12,14
2025-10-03 17:00:00,EOL-01,EOL,8,9
2025-10-03 17:00:00,EOL-02,EOL,7,8
2025-10-03 17:00:00,EOL-03,EOL,5,5
2025-10-03 17:00:00,FCT-01,FCT,16,18
2025-10-03 17:00:00,FCT-02,FCT,16,17
2025-10-03 17:00:00,ICT-01,ICT,8,10
2025-10-03 17:00:00,ICT-02,ICT,8,9
2025-10-03 18:00:00,EOL-01,EOL,5,5
2025-10-03 18:00:00,EOL-02,EOL,7,8
2025-10-03 18:00:00,FCT-01,FCT,10,10
2025-10-03 18:00:00,FCT-02,FCT,9,10
2025-10-03 18:00:00,ICT-01,ICT,3,3
2025-10-03 18:00:00,ICT-02,ICT,5,7
2025-10-03 19:00:00,EOL-01,EOL,1,1
2025-10-03 19:00:00,EOL-02,EOL,4,6
2025-10-03 19:00:00,EOL-03,EOL,1,3
2025-10-03 19:00:00,FCT-01,FCT,9,11
2025-10-03 19:00:00,FCT-02,FCT,8,8
2025-10-03 19:00:00,ICT-01,ICT,5,6
2025-10-03 19:00:00,ICT-02,ICT,7,8
2025-10-03 20:00:00,EOL-01,EOL,2,2
2025-10-03 20:00:00,EOL-02,EOL,1,1
2025-10-03 20:00:00,EOL-03,EOL,6,8
2025-10-03 20:00:00,FCT-01,FCT,6,8
2025-10-03 20:00:00,FCT-02,FCT,11,11
2025-10-03 20:00:00,ICT-01,ICT,9,10
2025-10-03 20:00:00,ICT-02,ICT,6,8
2025-10-03 21:00:00,EOL-01,EOL,5,6
2025-10-03 21:00:00,EOL-02,EOL,2,4
2025-10-03 21:00:00,EOL-03,EOL,4,4
2025-10-03 21:00:00,FCT-01,FCT,11,11
2025-10-03 21:00:00,FCT-02,FCT,13,14
2025-10-03 21:00:00,ICT-01,ICT,9,9
2025-10-03 21:00:00,ICT-02,ICT,7,8
2025-10-03 22:00:00,EOL-01,EOL,2,4
2025-10-03 22:00:00,EOL-02,EOL,5,7
2025-10-03 22:00:00,EOL-03,EOL,5,7
2025-10-03 22:00:00,FCT-01,FCT,7,7
2025-10-03 22:00:00,FCT-02,FCT,7,9
2025-10-04 12:00:00,EOL-02,EOL,1,3
2025-10-04 12:00:00,EOL-03,EOL,2,2
2025-10-04 12:00:00,FCT-01,FCT,6,8
2025-10-04 12:00:00,FCT-02,FCT,6,7
2025-10-04 12:00:00,ICT-01,ICT,9,9
2025-10-04 12:00:00,ICT-02,ICT,6,7
2025-10-04 13:00:00,EOL-01,EOL,5,6
2025-10-04 13:00:00,EOL-02,EOL,4,6
2025-10-04 13:00:00,EOL-03,EOL,1,3
2025-10-04 13:00:00,FCT-01,FCT,13,15
2025-10-04 13:00:00,FCT-02,FCT,20,21
2025-10-04 13:00:00,ICT-01,ICT,7,7
2025-10-04 13:00:00,ICT-02,ICT,7,8
2025-10-04 14:00:00,EOL-01,EOL,3,3
2025-10-04 14:00:00,EOL-02,EOL,4,6
2025-10-04 14:00:00,EOL-03,EOL,5,6
2025-10-04 14:00:00,FCT-01,FCT,7,9
2025-10-04 14:00:00,FCT-02,FCT,10,12
2025-10-04 14:00:00,ICT-01,ICT,9,10
2025-10-04 14:00:00,ICT-02,ICT,4,4
2025-10-04 15:00:00,EOL-01,EOL,6,6
2025-10-04 15:00:00,EOL-02,EOL,1,3
2025-10-04 15:00:00,EOL-03,EOL,4,6
2025-10-04 15:00:00,FCT-01,FCT,14,14
2025-10-04 15:00:00,FCT-02,FCT,14,15
2025-10-04 15:00:00,ICT-01,ICT,12,14
2025-10-04 15:00:00,ICT-02,ICT,6,8
2025-10-04 16:00:00,EOL-01,EOL,3,5
2025-10-04 16:00:00,EOL-02,EOL,7,7
2025-10-04 16:00:00,EOL-03,EOL,3,3
2025-10-04 16:00:00,FCT-01,FCT,16,16
2025-10-04 16:00:00,FCT-02,FCT,14,16
2025-10-04 16:00:00,ICT-01,ICT,6,8
2025-10-04 16:00:00,ICT-02,ICT,10,10
2025-10-04 17:00:00,EOL-01,EOL,3,5
2025-10-04 17:00:00,EOL-02,EOL,3,5
2025-10-04 17:00:00,EOL-03,EOL,6,6
2025-10-04 17:00:00,FCT-01,FCT,8,8
2025-10-04 17:00:00,FCT-02,FCT,13,14
2025-10-04 17:00:00,ICT-01,ICT,11,13
2025-10-04 17:00:00,ICT-02,ICT,2,4
2025-10-04 18:00:00,EOL-01,EOL,3,4
2025-10-04 18:00:00,EOL-02,EOL,4,6
2025-10-04 18:00:00,EOL-03,EOL,3,4
2025-10-04 18:00:00,FCT-01,FCT,7,9
2025-10-04 18:00:00,FCT-02,FCT,10,11
2025-10-04 18:00:00,ICT-01,ICT,7,8
2025-10-04 18:00:00,ICT-02,ICT,8,10
2025-10-04 19:00:00,EOL-01,EOL,2,3
2025-10-04 19:00:00,EOL-02,EOL,5,6
2025-10-04 19:00:00,EOL-03,EOL,3,3
2025-10-04 19:00:00,FCT-01,FCT,16,18
2025-10-04 19:00:00,FCT-02,FCT,13,13
2025-10-04 19:00:00,ICT-01,ICT,7,8
2025-10-04 19:00:00,ICT-02,ICT,6,8
2025-10-04 20:00:00,EOL-01,EOL,4,4
2025-10-04 20:00:00,EOL-02,EOL,5,6
2025-10-04 20:00:00,EOL-03,EOL,4,4
2025-10-04 20:00:00,FCT-01,FCT,14,15
2025-10-04 20:00:00,FCT-02,FCT,13,13
2025-10-04 20:00:00,ICT-01,ICT,8,10
2025-10-04 20:00:00,ICT-02,ICT,6,8
2025-10-04 21:00:00,EOL-01,EOL,4,4
2025-10-04 21:00:00,EOL-02,EOL,3,4
2025-10-04 21:00:00,EOL-03,EOL,3,4
2025-10-04 21:00:00,FCT-01,FCT,7,8
2025-10-04 21:00:00,FCT-02,FCT,6,7
2025-10-04 21:00:00,ICT-01,ICT,6,8
2025-10-04 21:00:00,ICT-02,ICT,5,5
2025-10-04 22:00:00,EOL-01,EOL,1,3
2025-10-04 22:00:00,EOL-02,EOL,2,2
2025-10-04 22:00:00,EOL-03,EOL,2,2
2025-10-04 22:00:00,FCT-01,FCT,5,5
2025-10-04 22:00:00,FCT-02,FCT,5,5
2025-10-04 23:00:00,EOL-01,EOL,1,3
2025-10-04 23:00:00,FCT-01,FCT,1,1
2025-10-05 12:00:00,EOL-03,EOL,1,3
2025-10-05 12:00:00,FCT-01,FCT,10,11
2025-10-05 12:00:00,FCT-02,FCT,6,7
2025-10-05 12:00:00,ICT-01,ICT,10,10
2025-10-05 12:00:00,ICT-02,ICT,7,7
2025-10-05 13:00:00,EOL-01,EOL,4,5
2025-10-05 13:00:00,EOL-02,EOL,6,6
2025-10-05 13:00:00,EOL-03,EOL,3,3
2025-10-05 13:00:00,FCT-01,FCT,13,15
2025-10-05 13:00:00,FCT-02,FCT,7,7
2025-10-05 13:00:00,ICT-01,ICT,10,10
2025-10-05 13:00:00,ICT-02,ICT,10,12
2025-10-05 14:00:00,EOL-01,EOL,2,3
2025-10-05 14:00:00,EOL-02,EOL,5,6
2025-10-05 14:00:00,EOL-03,EOL,4,4
2025-10-05 14:00:00,FCT-01,FCT,19,20
2025-10-05 14:00:00,FCT-02,FCT,20,20
2025-10-05 14:00:00,ICT-01,ICT,6,8
2025-10-05 14:00:00,ICT-02,ICT,11,13
2025-10-05 15:00:00,EOL-01,EOL,8,8
2025-10-05 15:00:00,EOL-02,EOL,4,4
2025-10-05 15:00:00,EOL-03,EOL,5,6
2025-10-05 15:00:00,FCT-01,FCT,16,16
2025-10-05 15:00:00,FCT-02,FCT,16,16
2025-10-05 15:00:00,ICT-01,ICT,9,9
2025-10-05 15:00:00,ICT-02,ICT,10,12
2025-10-05 16:00:00,EOL-01,EOL,3,4
2025-10-05 16:00:00,EOL-02,EOL,5,6
2025-10-05 16:00:00,EOL-03,EOL,6,6
2025-10-05 16:00:00,FCT-01,FCT,19,20
2025-10-05 16:00:00,FCT-02,FCT,20,21
2025-10-05 16:00:00,ICT-01,ICT,7,7
2025-10-05 16:00:00,ICT-02,ICT,13,13
2025-10-05 17:00:00,EOL-01,EOL,9,10
2025-10-05 17:00:00,EOL-02,EOL,3,4
2025-10-05 17:00:00,EOL-03,EOL,5,5
2025-10-05 17:00:00,FCT-01,FCT,16,17
2025-10-05 17:00:00,FCT-02,FCT,12,13
2025-10-05 17:00:00,ICT-01,ICT,8,9
2025-10-05 17:00:00,ICT-02,ICT,8,8
2025-10-05 18:00:00,EOL-01,EOL,3,4
2025-10-05 18:00:00,EOL-02,EOL,6,7
2025-10-05 18:00:00,EOL-03,EOL,3,5
2025-10-05 18:00:00,FCT-01,FCT,14,14
2025-10-05 18:00:00,FCT-02,FCT,12,12
2025-10-05 18:00:00,ICT-01,ICT,10,10
2025-10-05 18:00:00,ICT-02,ICT,8,8
2025-10-05 19:00:00,EOL-01,EOL,2,4
2025-10-05 19:00:00,EOL-02,EOL,10,11
2025-10-05 19:00:00,EOL-03,EOL,4,5
2025-10-05 19:00:00,FCT-01,FCT,24,26
2025-10-05 19:00:00,FCT-02,FCT,19,19
2025-10-05 19:00:00,ICT-01,ICT,10,11
2025-10-05 19:00:00,ICT-02,ICT,15,16
2025-10-05 20:00:00,EOL-01,EOL,8,10
2025-10-05 20:00:00,EOL-02,EOL,7,7
2025-10-05 20:00:00,EOL-03,EOL,5,7
2025-10-05 20:00:00,FCT-01,FCT,19,19
2025-10-05 20:00:00,FCT-02,FCT,16,16
2025-10-05 20:00:00,ICT-01,ICT,6,7
2025-10-05 20:00:00,ICT-02,ICT,5,7
2025-10-05 21:00:00,EOL-01,EOL,3,5
2025-10-05 21:00:00,EOL-02,EOL,3,3
2025-10-05 21:00:00,EOL-03,EOL,3,3
2025-10-05 21:00:00,FCT-01,FCT,10,11
2025-10-05 21:00:00,FCT-02,FCT,15,15
2025-10-05 21:00:00,ICT-01,ICT,17,19
2025-10-05 21:00:00,ICT-02,ICT,8,8
2025-10-05 22:00:00,EOL-01,EOL,5,7
2025-10-05 22:00:00,EOL-02,EOL,4,6
2025-10-05 22:00:00,EOL-03,EOL,7,9
2025-10-05 22:00:00,FCT-01,FCT,8,9
2025-10-05 22:00:00,FCT-02,FCT,11,12
2025-10-05 23:00:00,EOL-01,EOL,1,1
2025-10-05 23:00:00,EOL-02,EOL,1,3
2025-10-06 12:00:00,FCT-01,FCT,4,4
2025-10-06 12:00:00,FCT-02,FCT,6,6
2025-10-06 12:00:00,ICT-01,ICT,3,5
2025-10-06 12:00:00,ICT-02,ICT,8,10
2025-10-06 13:00:00,EOL-01,EOL,4,5
2025-10-06 13:00:00,EOL-02,EOL,4,4
2025-10-06 13:00:00,EOL-03,EOL,1,1
2025-10-06 13:00:00,FCT-01,FCT,10,10
2025-10-06 13:00:00,FCT-02,FCT,14,16
2025-10-06 13:00:00,ICT-01,ICT,9,9
2025-10-06 13:00:00,ICT-02,ICT,9,9
2025-10-06 14:00:00,EOL-01,EOL,4,4
2025-10-06 14:00:00,EOL-02,EOL,3,5
2025-10-06 14:00:00,EOL-03,EOL,6,6
2025-10-06 14:00:00,FCT-01,FCT,10,10
2025-10-06 14:00:00,FCT-02,FCT,12,12
2025-10-06 14:00:00,ICT-01,ICT,10,11
2025-10-06 14:00:00,ICT-02,ICT,6,7
2025-10-06 15:00:00,EOL-01,EOL,3,4
2025-10-06 15:00:00,EOL-02,EOL,5,6
2025-10-06 15:00:00,EOL-03,EOL,1,3
2025-10-06 15:00:00,FCT-01,FCT,16,16
2025-10-06 15:00:00,FCT-02,FCT,16,16
2025-10-06 15:00:00,ICT-01,ICT,11,13
2025-10-06 15:00:00,ICT-02,ICT,4,6
2025-10-06 16:00:00,EOL-01,EOL,7,9
2025-10-06 16:00:00,EOL-02,EOL,4,4
2025-10-06 16:00:00,EOL-03,EOL,3,4
2025-10-06 16:00:00,FCT-01,FCT,8,10
2025-10-06 16:00:00,FCT-02,FCT,14,14
2025-10-06 16:00:00,ICT-01,ICT,9,10
2025-10-06 16:00:00,ICT-02,ICT,6,6
2025-10-06 17:00:00,EOL-01,EOL,2,3
2025-10-06 17:00:00,EOL-02,EOL,8,8
2025-10-06 17:00:00,EOL-03,EOL,3,3
2025-10-06 17:00:00,FCT-01,FCT,14,14
2025-10-06 17:00:00,FCT-02,FCT,17,19
2025-10-06 17:00:00,ICT-01,ICT,10,12
2025-10-06 17:00:00,ICT-02,ICT,11,12
2025-10-06 18:00:00,EOL-01,EOL,5,5
2025-10-06 18:00:00,EOL-02,EOL,6,7
2025-10-06 18:00:00,EOL-03,EOL,7,9
2025-10-06 18:00:00,FCT-01,FCT,18,18
2025-10-06 18:00:00,FCT-02,FCT,21,21
2025-10-06 18:00:00,ICT-01,ICT,10,10
2025-10-06 18:00:00,ICT-02,ICT,13,15
2025-10-06 19:00:00,EOL-01,EOL,5,7
2025-10-06 19:00:00,EOL-02,EOL,6,7
2025-10-06 19:00:00,EOL-03,EOL,5,7
2025-10-06 19:00:00,FCT-01,FCT,18,19
2025-10-06 19:00:00,FCT-02,FCT,12,12
2025-10-06 19:00:00,ICT-01,ICT,3,5
2025-10-06 19:00:00,ICT-02,ICT,9,10
2025-10-06 20:00:00,EOL-01,EOL,3,3
2025-10-06 20:00:00,EOL-02,EOL,4,6
2025-10-06 20:00:00,EOL-03,EOL,2,4
2025-10-06 20:00:00,FCT-01,FCT,13,14
2025-10-06 20:00:00,FCT-02,FCT,19,19
2025-10-06 20:00:00,ICT-01,ICT,7,9
2025-10-06 20:00:00,ICT-02,ICT,12,14
2025-10-06 21:00:00,EOL-01,EOL,8,9
2025-10-06 21:00:00,EOL-02,EOL,7,7
2025-10-06 21:00:00,EOL-03,EOL,4,4
2025-10-06 21:00:00,FCT-01,FCT,17,17
2025-10-06 21:00:00,FCT-02,FCT,12,12
2025-10-06 21:00:00,ICT-01,ICT,10,11
2025-10-06 21:00:00,ICT-02,ICT,12,14
2025-10-06 22:00:00,EOL-01,EOL,7,8
2025-10-06 22:00:00,EOL-02,EOL,2,3
2025-10-06 22:00:00,EOL-03,EOL,3,4
2025-10-06 22:00:00,FCT-01,FCT,9,11
2025-10-06 22:00:00,FCT-02,FCT,8,10
2025-10-06 23:00:00,EOL-01,EOL,2,3
2025-10-07 12:00:00,EOL-01,EOL,1,2
2025-10-07 12:00:00,EOL-03,EOL,1,2
2025-10-07 12:00:00,FCT-01,FCT,11,12
2025-10-07 12:00:00,FCT-02,FCT,8,9
2025-10-07 12:00:00,ICT-01,ICT,10,10
2025-10-07 12:00:00,ICT-02,ICT,13,13
2025-10-07 13:00:00,EOL-01,EOL,7,8
2025-10-07 13:00:00,EOL-02,EOL,5,7
2025-10-07 13:00:00,EOL-03,EOL,3,3
2025-10-07 13:00:00,FCT-01,FCT,17,18
2025-10-07 13:00:00,FCT-02,FCT,15,16
2025-10-07 13:00:00,ICT-01,ICT,5,6
2025-10-07 13:00:00,ICT-02,ICT,9,10
2025-10-07 14:00:00,EOL-01,EOL,3,3
2025-10-07 14:00:00,EOL-02,EOL,2,3
2025-10-07 14:00:00,EOL-03,EOL,5,6
2025-10-07 14:00:00,FCT-01,FCT,12,13
2025-10-07 14:00:00,FCT-02,FCT,7,7
2025-10-07 14:00:00,ICT-01,ICT,8,10
2025-10-07 14:00:00,ICT-02,ICT,9,11
2025-10-07 15:00:00,EOL-01,EOL,4,4
2025-10-07 15:00:00,EOL-02,EOL,5,7
2025-10-07 15:00:00,EOL-03,EOL,3,4
2025-10-07 15:00:00,FCT-01,FCT,14,16
2025-10-07 15:00:00,FCT-02,FCT,17,18
2025-10-07 15:00:00,ICT-01,ICT,8,8
2025-10-07 15:00:00,ICT-02,ICT,11,13
2025-10-07 16:00:00,EOL-01,EOL,4,6
2025-10-07 16:00:00,EOL-02,EOL,5,5
2025-10-07 16:00:00,EOL-03,EOL,8,8
2025-10-07 16:00:00,FCT-01,FCT,14,15
2025-10-07 16:00:00,FCT-02,FCT,14,14
2025-10-07 16:00:00,ICT-01,ICT,6,7
2025-10-07 16:00:00,ICT-02,ICT,4,4
2025-10-07 17:00:00,EOL-01,EOL,3,5
2025-10-07 17:00:00,EOL-02,EOL,1,1
2025-10-07 17:00:00,EOL-03,EOL,7,7
2025-10-07 17:00:00,FCT-01,FCT,9,11
2025-10-07 17:00:00,FCT-02,FCT,10,11
2025-10-07 17:00:00,ICT-01,ICT,3,5
2025-10-07 17:00:00,ICT-02,ICT,9,11
2025-10-07 18:00:00,EOL-01,EOL,3,4
2025-10-07 18:00:00,EOL-02,EOL,3,3
2025-10-07 18:00:00,EOL-03,EOL,4,5
2025-10-07 18:00:00,FCT-01,FCT,9,11
2025-10-07 18:00:00,FCT-02,FCT,10,11
2025-10-07 18:00:00,ICT-01,ICT,4,4
2025-10-07 18:00:00,ICT-02,ICT,10,12
2025-10-07 19:00:00,EOL-01,EOL,4,6
2025-10-07 19:00:00,EOL-02,EOL,2,2
2025-10-07 19:00:00,EOL-03,EOL,2,2
2025-10-07 19:00:00,FCT-01,FCT,15,16
2025-10-07 19:00:00,FCT-02,FCT,10,12
2025-10-07 19:00:00,ICT-01,ICT,8,9
2025-10-07 19:00:00,ICT-02,ICT,14,16
2025-10-07 20:00:00,EOL-01,EOL,4,5
2025-10-07 20:00:00,EOL-02,EOL,6,6
2025-10-07 20:00:00,EOL-03,EOL,3,4
2025-10-07 20:00:00,FCT-01,FCT,17,18
2025-10-07 20:00:00,FCT-02,FCT,23,23
2025-10-07 20:00:00,ICT-01,ICT,13,14
2025-10-07 20:00:00,ICT-02,ICT,6,8
2025-10-07 21:00:00,EOL-01,EOL,4,6
2025-10-07 21:00:00,EOL-02,EOL,7,8
2025-10-07 21:00:00,EOL-03,EOL,10,11
2025-10-07 21:00:00,FCT-01,FCT,14,16
2025-10-07 21:00:00,FCT-02,FCT,14,16
2025-10-07 21:00:00,ICT-01,ICT,9,11
2025-10-07 21:00:00,ICT-02,ICT,9,10
2025-10-07 22:00:00,EOL-01,EOL,4,6
2025-10-07 22:00:00,EOL-02,EOL,2,2
2025-10-07 22:00:00,EOL-03,EOL,5,7
2025-10-07 22:00:00,FCT-01,FCT,8,10
2025-10-07 22:00:00,FCT-02,FCT,11,11
2025-10-07 23:00:00,EOL-02,EOL,1,3
2025-10-07 23:00:00,EOL-03,EOL,1,3
2025-10-08 12:00:00,EOL-02,EOL,1,1
2025-10-08 12:00:00,FCT-01,FCT,9,11
2025-10-08 12:00:00,FCT-02,FCT,7,9
2025-10-08 12:00:00,ICT-01,ICT,12,13
2025-10-08 12:00:00,ICT-02,ICT,10,12
2025-10-08 13:00:00,EOL-01,EOL,4,5
2025-10-08 13:00:00,EOL-02,EOL,11,13
2025-10-08 13:00:00,EOL-03,EOL,8,9
2025-10-08 13:00:00,FCT-01,FCT,24,25
2025-10-08 13:00:00,FCT-02,FCT,16,16
2025-10-08 13:00:00,ICT-01,ICT,13,13
2025-10-08 13:00:00,ICT-02,ICT,5,7
2025-10-08 14:00:00,EOL-01,EOL,2,4
2025-10-08 14:00:00,EOL-02,EOL,6,6
2025-10-08 14:00:00,EOL-03,EOL,2,3
2025-10-08 14:00:00,FCT-01,FCT,13,14
2025-10-08 14:00:00,FCT-02,FCT,11,12
2025-10-08 14:00:00,ICT-01,ICT,6,7
2025-10-08 14:00:00,ICT-02,ICT,6,8
2025-10-08 15:00:00,EOL-01,EOL,3,4
2025-10-08 15:00:00,EOL-02,EOL,4,4
2025-10-08 15:00:00,EOL-03,EOL,3,5
2025-10-08 15:00:00,FCT-01,FCT,5,5
2025-10-08 15:00:00,FCT-02,FCT,10,11
2025-10-08 15:00:00,ICT-01,ICT,6,7
2025-10-08 15:00:00,ICT-02,ICT,5,7
2025-10-08 16:00:00,EOL-01,EOL,5,6
2025-10-08 16:00:00,EOL-02,EOL,3,3
2025-10-08 16:00:00,EOL-03,EOL,1,3
2025-10-08 16:00:00,FCT-01,FCT,14,15
2025-10-08 16:00:00,FCT-02,FCT,13,14
2025-10-08 16:00:00,ICT-01,ICT,9,10
2025-10-08 16:00:00,ICT-02,ICT,8,8
2025-10-08 17:00:00,EOL-01,EOL,4,4
2025-10-08 17:00:00,EOL-02,EOL,5,5
2025-10-08 17:00:00,EOL-03,EOL,6,7
2025-10-08 17:00:00,FCT-01,FCT,14,15
2025-10-08 17:00:00,FCT-02,FCT,15,17
2025-10-08 17:00:00,ICT-01,ICT,8,8
2025-10-08 17:00:00,ICT-02,ICT,11,12
2025-10-08 18:00:00,EOL-01,EOL,6,6
2025-10-08 18:00:00,EOL-02,EOL,5,6
2025-10-08 18:00:00,EOL-03,EOL,5,5
2025-10-08 18:00:00,FCT-01,FCT,15,15
2025-10-08 18:00:00,FCT-02,FCT,21,22
2025-10-08 18:00:00,ICT-01,ICT,12,12
2025-10-08 18:00:00,ICT-02,ICT,11,13
2025-10-08 19:00:00,EOL-01,EOL,5,5
2025-10-08 19:00:00,EOL-02,EOL,7,9
2025-10-08 19:00:00,EOL-03,EOL,4,5
2025-10-08 19:00:00,FCT-01,FCT,17,17
2025-10-08 19:00:00,FCT-02,FCT,12,12
2025-10-08 19:00:00,ICT-01,ICT,9,9
2025-10-08 19:00:00,ICT-02,ICT,5,6
2025-10-08 20:00:00,EOL-01,EOL,6,8
2025-10-08 20:00:00,EOL-02,EOL,3,5
2025-10-08 20:00:00,EOL-03,EOL,6,8
2025-10-08 20:00:00,FCT-01,FCT,15,15
2025-10-08 20:00:00,FCT-02,FCT,15,15
2025-10-08 20:00:00,ICT-01,ICT,6,6
2025-10-08 20:00:00,ICT-02,ICT,9,11
2025-10-08 21:00:00,EOL-01,EOL,3,3
2025-10-08 21:00:00,EOL-02,EOL,2,2
2025-10-08 21:00:00,EOL-03,EOL,1,2
2025-10-08 21:00:00,FCT-01,FCT,11,12
2025-10-08 21:00:00,FCT-02,FCT,15,16
2025-10-08 21:00:00,ICT-01,ICT,7,9
2025-10-08 21:00:00,ICT-02,ICT,11,12
2025-10-08 22:00:00,EOL-01,EOL,6,6
2025-10-08 22:00:00,EOL-02,EOL,6,7
2025-10-08 22:00:00,EOL-03,EOL,2,3
2025-10-08 22:00:00,FCT-01,FCT,7,8
2025-10-08 22:00:00,FCT-02,FCT,6,6
2025-10-08 23:00:00,EOL-01,EOL,2,3
2025-10-09 12:00:00,EOL-03,EOL,1,2
2025-10-09 12:00:00,FCT-01,FCT,7,9
2025-10-09 12:00:00,FCT-02,FCT,7,9
2025-10-09 12:00:00,ICT-01,ICT,11,13
2025-10-09 12:00:00,ICT-02,ICT,8,8
2025-10-09 13:00:00,EOL-01,EOL,6,7
2025-10-09 13:00:00,EOL-02,EOL,4,6
2025-10-09 13:00:00,EOL-03,EOL,4,5
2025-10-09 13:00:00,FCT-01,FCT,16,18
2025-10-09 13:00:00,FCT-02,FCT,17,17
2025-10-09 13:00:00,ICT-01,ICT,10,11
2025-10-09 13:00:00,ICT-02,ICT,6,8
2025-10-09 14:00:00,EOL-01,EOL,5,5
2025-10-09 14:00:00,EOL-02,EOL,3,3
2025-10-09 14:00:00,EOL-03,EOL,4,6
2025-10-09 14:00:00,FCT-01,FCT,11,12
2025-10-09 14:00:00,FCT-02,FCT,10,10
2025-10-09 14:00:00,ICT-01,ICT,8,8
2025-10-09 14:00:00,ICT-02,ICT,7,9
2025-10-09 15:00:00,EOL-01,EOL,5,6
2025-10-09 15:00:00,EOL-02,EOL,4,5
2025-10-09 15:00:00,EOL-03,EOL,3,4
2025-10-09 15:00:00,FCT-01,FCT,11,11
2025-10-09 15:00:00,FCT-02,FCT,12,12
2025-10-09 15:00:00,ICT-01,ICT,7,9
2025-10-09 15:00:00,ICT-02,ICT,6,8
2025-10-09 16:00:00,EOL-01,EOL,4,5
2025-10-09 16:00:00,EOL-03,EOL,4,6
2025-10-09 16:00:00,FCT-01,FCT,11,11
2025-10-09 16:00:00,FCT-02,FCT,11,11
2025-10-09 16:00:00,ICT-01,ICT,7,8
2025-10-09 16:00:00,ICT-02,ICT,6,6
2025-10-09 17:00:00,EOL-01,EOL,5,6
2025-10-09 17:00:00,EOL-02,EOL,6,6
2025-10-09 17:00:00,EOL-03,EOL,3,4
2025-10-09 17:00:00,FCT-01,FCT,12,13
2025-10-09 17:00:00,FCT-02,FCT,13,13
2025-10-09 17:00:00,ICT-01,ICT,8,8
2025-10-09 17:00:00,ICT-02,ICT,10,10
2025-10-09 18:00:00,EOL-01,EOL,5,5
2025-10-09 18:00:00,EOL-02,EOL,6,7
2025-10-09 18:00:00,EOL-03,EOL,2,4
2025-10-09 18:00:00,FCT-01,FCT,16,18
2025-10-09 18:00:00,FCT-02,FCT,15,16
2025-10-09 18:00:00,ICT-01,ICT,11,11
2025-10-09 18:00:00,ICT-02,ICT,8,10
2025-10-09 19:00:00,EOL-01,EOL,3,3
2025-10-09 19:00:00,EOL-02,EOL,3,5
2025-10-09 19:00:00,EOL-03,EOL,8,9
2025-10-09 19:00:00,FCT-01,FCT,17,17
2025-10-09 19:00:00,FCT-02,FCT,14,15
2025-10-09 19:00:00,ICT-01,ICT,6,6
2025-10-09 19:00:00,ICT-02,ICT,4,5
2025-10-09 20:00:00,EOL-01,EOL,7,9
2025-10-09 20:00:00,EOL-02,EOL,3,4
2025-10-09 20:00:00,EOL-03,EOL,4,5
2025-10-09 20:00:00,FCT-01,FCT,16,17
2025-10-09 20:00:00,FCT-02,FCT,13,14
2025-10-09 20:00:00,ICT-01,ICT,8,10
2025-10-09 20:00:00,ICT-02,ICT,12,13
2025-10-09 21:00:00,EOL-01,EOL,3,5
2025-10-09 21:00:00,EOL-02,EOL,3,4
2025-10-09 21:00:00,EOL-03,EOL,4,6
2025-10-09 21:00:00,FCT-01,FCT,14,14
2025-10-09 21:00:00,FCT-02,FCT,13,14
2025-10-09 21:00:00,ICT-01,ICT,12,13
2025-10-09 21:00:00,ICT-02,ICT,11,11
2025-10-09 22:00:00,EOL-01,EOL,6,8
2025-10-09 22:00:00,EOL-02,EOL,4,6
2025-10-09 22:00:00,EOL-03,EOL,6,8
2025-10-09 22:00:00,FCT-01,FCT,9,9
2025-10-09 22:00:00,FCT-02,FCT,8,8
2025-10-09 23:00:00,EOL-01,EOL,1,2
2025-10-09 23:00:00,EOL-02,EOL,1,2
2025-10-10 12:00:00,EOL-03,EOL,1,3
2025-10-10 12:00:00,FCT-01,FCT,3,5
2025-10-10 12:00:00,FCT-02,FCT,7,8
2025-10-10 12:00:00,ICT-01,ICT,6,6
2025-10-10 12:00:00,ICT-02,ICT,6,6
2025-10-10 13:00:00,EOL-01,EOL,5,6
2025-10-10 13:00:00,EOL-02,EOL,4,4
2025-10-10 13:00:00,EOL-03,EOL,3,3
2025-10-10 13:00:00,FCT-01,FCT,18,20
2025-10-10 13:00:00,FCT-02,FCT,16,17
2025-10-10 13:00:00,ICT-01,ICT,10,12
2025-10-10 13:00:00,ICT-02,ICT,10,12
2025-10-10 14:00:00,EOL-01,EOL,4,6
2025-10-10 14:00:00,EOL-02,EOL,8,8
2025-10-10 14:00:00,EOL-03,EOL,6,8
2025-10-10 14:00:00,FCT-01,FCT,12,12
2025-10-10 14:00:00,FCT-02,FCT,14,15
2025-10-10 14:00:00,ICT-01,ICT,12,14
2025-10-10 14:00:00,ICT-02,ICT,8,8
2025-10-10 15:00:00,EOL-01,EOL,2,4
2025-10-10 15:00:00,EOL-02,EOL,2,3
2025-10-10 15:00:00,EOL-03,EOL,6,6
2025-10-10 15:00:00,FCT-01,FCT,14,15
2025-10-10 15:00:00,FCT-02,FCT,14,15
2025-10-10 15:00:00,ICT-01,ICT,10,10
2025-10-10 15:00:00,ICT-02,ICT,4,5
2025-10-10 16:00:00,EOL-01,EOL,3,4
2025-10-10 16:00:00,EOL-02,EOL,3,5
2025-10-10 16:00:00,EOL-03,EOL,4,6
2025-10-10 16:00:00,FCT-01,FCT,10,12
2025-10-10 16:00:00,FCT-02,FCT,4,5
2025-10-10 16:00:00,ICT-01,ICT,5,7
2025-10-10 16:00:00,ICT-02,ICT,5,7
2025-10-10 17:00:00,EOL-01,EOL,2,2
2025-10-10 17:00:00,EOL-02,EOL,7,7
2025-10-10 17:00:00,EOL-03,EOL,2,3
2025-10-10 17:00:00,FCT-01,FCT,11,13
2025-10-10 17:00:00,FCT-02,FCT,9,9
2025-10-10 17:00:00,ICT-01,ICT,6,8
2025-10-10 17:00:00,ICT-02,ICT,9,9
2025-10-10 18:00:00,EOL-01,EOL,4,6
2025-10-10 18:00:00,EOL-02,EOL,2,2
2025-10-10 18:00:00,EOL-03,EOL,3,5
2025-10-10 18:00:00,FCT-01,FCT,15,16
2025-10-10 18:00:00,FCT-02,FCT,12,13
2025-10-10 18:00:00,ICT-01,ICT,4,6
2025-10-10 18:00:00,ICT-02,ICT,13,13
2025-10-10 19:00:00,EOL-01,EOL,2,2
2025-10-10 19:00:00,EOL-02,EOL,9,11
2025-10-10 19:00:00,EOL-03,EOL,7,7
2025-10-10 19:00:00,FCT-01,FCT,17,18
2025-10-10 19:00:00,FCT-02,FCT,16,17
2025-10-10 19:00:00,ICT-01,ICT,11,11
2025-10-10 19:00:00,ICT-02,ICT,7,8
2025-10-10 20:00:00,EOL-01,EOL,6,7
2025-10-10 20:00:00,EOL-02,EOL,2,3
2025-10-10 20:00:00,EOL-03,EOL,2,3
2025-10-10 20:00:00,FCT-01,FCT,8,9
2025-10-10 20:00:00,FCT-02,FCT,9,10
2025-10-10 20:00:00,ICT-01,ICT,5,5
2025-10-10 20:00:00,ICT-02,ICT,12,13
2025-10-10 21:00:00,EOL-01,EOL,3,3
2025-10-10 21:00:00,EOL-02,EOL,7,8
2025-10-10 21:00:00,EOL-03,EOL,2,3
2025-10-10 21:00:00,FCT-01,FCT,10,10
2025-10-10 21:00:00,FCT-02,FCT,11,13
2025-10-10 21:00:00,ICT-01,ICT,7,7
2025-10-10 21:00:00,ICT-02,ICT,5,7
2025-10-10 22:00:00,EOL-01,EOL,3,5
2025-10-10 22:00:00,EOL-02,EOL,4,4
2025-10-10 22:00:00,EOL-03,EOL,2,3
2025-10-10 22:00:00,FCT-01,FCT,7,7
2025-10-10 22:00:00,FCT-02,FCT,6,6
2025-10-10 23:00:00,EOL-01,EOL,1,1
2025-10-11 12:00:00,EOL-02,EOL,1,1
2025-10-11 12:00:00,EOL-03,EOL,2,2
2025-10-11 12:00:00,FCT-01,FCT,10,12
2025-10-11 12:00:00,FCT-02,FCT,7,9
2025-10-11 12:00:00,ICT-01,ICT,14,15
2025-10-11 12:00:00,ICT-02,ICT,11,13
2025-10-11 13:00:00,EOL-01,EOL,5,6
2025-10-11 13:00:00,EOL-02,EOL,7,9
2025-10-11 13:00:00,EOL-03,EOL,7,9
2025-10-11 13:00:00,FCT-01,FCT,17,17
2025-10-11 13:00:00,FCT-02,FCT,16,16
2025-10-11 13:00:00,ICT-01,ICT,8,10
2025-10-11 13:00:00,ICT-02,ICT,9,9
2025-10-11 14:00:00,EOL-01,EOL,4,4
2025-10-11 14:00:00,EOL-02,EOL,1,3
2025-10-11 14:00:00,EOL-03,EOL,4,5
2025-10-11 14:00:00,FCT-01,FCT,11,11
2025-10-11 14:00:00,FCT-02,FCT,10,12
2025-10-11 14:00:00,ICT-01,ICT,5,5
2025-10-11 14:00:00,ICT-02,ICT,8,9
2025-10-11 15:00:00,EOL-01,EOL,3,5
2025-10-11 15:00:00,EOL-02,EOL,4,6
2025-10-11 15:00:00,EOL-03,EOL,3,5
2025-10-11 15:00:00,FCT-01,FCT,9,10
2025-10-11 15:00:00,FCT-02,FCT,18,18
2025-10-11 15:00:00,ICT-01,ICT,13,14
2025-10-11 15:00:00,ICT-02,ICT,4,5
2025-10-11 16:00:00,EOL-01,EOL,5,7
2025-10-11 16:00:00,EOL-02,EOL,5,7
2025-10-11 16:00:00,EOL-03,EOL,3,4
2025-10-11 16:00:00,FCT-01,FCT,11,12
2025-10-11 16:00:00,FCT-02,FCT,7,8
2025-10-11 16:00:00,ICT-01,ICT,7,8
2025-10-11 16:00:00,ICT-02,ICT,4,5
2025-10-11 17:00:00,EOL-01,EOL,7,9
2025-10-11 17:00:00,EOL-02,EOL,2,3
2025-10-11 17:00:00,FCT-01,FCT,15,15
2025-10-11 17:00:00,FCT-02,FCT,16,17
2025-10-11 17:00:00,ICT-01,ICT,12,14
2025-10-11 17:00:00,ICT-02,ICT,6,6
2025-10-11 18:00:00,EOL-01,EOL,2,4
2025-10-11 18:00:00,EOL-02,EOL,6,8
2025-10-11 18:00:00,EOL-03,EOL,6,8
2025-10-11 18:00:00,FCT-01,FCT,16,17
2025-10-11 18:00:00,FCT-02,FCT,14,15
2025-10-11 18:00:00,ICT-01,ICT,9,10
2025-10-11 18:00:00,ICT-02,ICT,11,11
2025-10-11 19:00:00,EOL-01,EOL,3,3
2025-10-11 19:00:00,EOL-02,EOL,7,9
2025-10-11 19:00:00,EOL-03,EOL,6,6
2025-10-11 19:00:00,FCT-01,FCT,12,12
2025-10-11 19:00:00,FCT-02,FCT,14,15
2025-10-11 19:00:00,ICT-01,ICT,9,9
2025-10-11 19:00:00,ICT-02,ICT,3,3
2025-10-11 20:00:00,EOL-01,EOL,3,5
2025-10-11 20:00:00,EOL-02,EOL,3,5
2025-10-11 20:00:00,EOL-03,EOL,3,3
2025-10-11 20:00:00,FCT-01,FCT,10,10
2025-10-11 20:00:00,FCT-02,FCT,10,11
2025-10-11 20:00:00,ICT-01,ICT,3,3
2025-10-11 20:00:00,ICT-02,ICT,15,15
2025-10-11 21:00:00,EOL-01,EOL,4,4
2025-10-11 21:00:00,EOL-02,EOL,2,2
2025-10-11 21:00:00,EOL-03,EOL,8,8
2025-10-11 21:00:00,FCT-01,FCT,16,18
2025-10-11 21:00:00,FCT-02,FCT,12,12
2025-10-11 21:00:00,ICT-01,ICT,8,10
2025-10-11 21:00:00,ICT-02,ICT,8,9
2025-10-11 22:00:00,EOL-01,EOL,4,4
2025-10-11 22:00:00,EOL-02,EOL,4,4
2025-10-11 22:00:00,EOL-03,EOL,2,4
2025-10-11 22:00:00,FCT-01,FCT,8,8
2025-10-11 22:00:00,FCT-02,FCT,12,12
2025-10-11 23:00:00,EOL-01,EOL,3,5
2025-10-11 23:00:00,EOL-02,EOL,1,3
2025-10-11 23:00:00,FCT-01,FCT,1,2
2025-10-12 12:00:00,EOL-03,EOL,1,3
2025-10-12 12:00:00,FCT-01,FCT,8,10
2025-10-12 12:00:00,FCT-02,FCT,6,6
2025-10-12 12:00:00,ICT-01,ICT,9,9
2025-10-12 12:00:00,ICT-02,ICT,9,11
2025-10-12 13:00:00,EOL-01,EOL,4,4
2025-10-12 13:00:00,EOL-02,EOL,3,3
2025-10-12 13:00:00,EOL-03,EOL,7,7
2025-10-12 13:00:00,FCT-01,FCT,12,14
2025-10-12 13:00:00,FCT-02,FCT,15,17
2025-10-12 13:00:00,ICT-01,ICT,10,11
2025-10-12 13:00:00,ICT-02,ICT,5,6
2025-10-12 14:00:00,EOL-01,EOL,2,3
2025-10-12 14:00:00,EOL-02,EOL,3,3
2025-10-12 14:00:00,EOL-03,EOL,6,7
2025-10-12 14:00:00,FCT-01,FCT,17,17
2025-10-12 14:00:00,FCT-02,FCT,18,19
2025-10-12 14:00:00,ICT-01,ICT,8,10
2025-10-12 14:00:00,ICT-02,ICT,9,11
2025-10-12 15:00:00,EOL-01,EOL,4,4
2025-10-12 15:00:00,EOL-02,EOL,3,5
2025-10-12 15:00:00,EOL-03,EOL,7,8
2025-10-12 15:00:00,FCT-01,FCT,10,12
2025-10-12 15:00:00,FCT-02,FCT,14,15
2025-10-12 15:00:00,ICT-01,ICT,9,10
2025-10-12 15:00:00,ICT-02,ICT,5,5
2025-10-12 16:00:00,EOL-01,EOL,5,5
2025-10-12 16:00:00,EOL-02,EOL,5,7
2025-10-12 16:00:00,EOL-03,EOL,5,5
2025-10-12 16:00:00,FCT-01,FCT,20,20
2025-10-12 16:00:00,FCT-02,FCT,18,18
2025-10-12 16:00:00,ICT-01,ICT,13,14
2025-10-12 16:00:00,ICT-02,ICT,15,15
2025-10-12 17:00:00,EOL-01,EOL,8,10
2025-10-12 17:00:00,EOL-02,EOL,9,9
2025-10-12 17:00:00,EOL-03,EOL,5,5
2025-10-12 17:00:00,FCT-01,FCT,21,21
2025-10-12 17:00:00,FCT-02,FCT,17,19
2025-10-12 17:00:00,ICT-01,ICT,6,6
2025-10-12 17:00:00,ICT-02,ICT,5,7
2025-10-12 18:00:00,EOL-01,EOL,4,4
2025-10-12 18:00:00,EOL-02,EOL,3,5
2025-10-12 18:00:00,EOL-03,EOL,2,4
2025-10-12 18:00:00,FCT-01,FCT,9,9
2025-10-12 18:00:00,FCT-02,FCT,13,15
2025-10-12 18:00:00,ICT-01,ICT,9,11
2025-10-12 18:00:00,ICT-02,ICT,7,7
2025-10-12 19:00:00,EOL-01,EOL,6,7
2025-10-12 19:00:00,EOL-02,EOL,7,9
2025-10-12 19:00:00,EOL-03,EOL,2,2
2025-10-12 19:00:00,FCT-01,FCT,15,17
2025-10-12 19:00:00,FCT-02,FCT,18,18
2025-10-12 19:00:00,ICT-01,ICT,7,7
2025-10-12 19:00:00,ICT-02,ICT,8,10
2025-10-12 20:00:00,EOL-01,EOL,4,4
2025-10-12 20:00:00,EOL-02,EOL,3,4
2025-10-12 20:00:00,EOL-03,EOL,4,4
2025-10-12 20:00:00,FCT-01,FCT,12,14
2025-10-12 20:00:00,FCT-02,FCT,17,19
2025-10-12 20:00:00,ICT-01,ICT,14,15
2025-10-12 20:00:00,ICT-02,ICT,7,7
2025-10-12 21:00:00,EOL-01,EOL,7,7
2025-10-12 21:00:00,EOL-02,EOL,5,7
2025-10-12 21:00:00,EOL-03,EOL,7,7
2025-10-12 21:00:00,FCT-01,FCT,20,20
2025-10-12 21:00:00,FCT-02,FCT,13,14
2025-10-12 21:00:00,ICT-01,ICT,7,7
2025-10-12 21:00:00,ICT-02,ICT,4,6
2025-10-12 22:00:00,EOL-01,EOL,3,4
2025-10-12 22:00:00,EOL-02,EOL,1,3
2025-10-12 22:00:00,EOL-03,EOL,1,1
2025-10-12 22:00:00,FCT-01,FCT,6,7
2025-10-12 22:00:00,FCT-02,FCT,3,3
2025-10-12 23:00:00,EOL-02,EOL,2,3
2025-10-12 23:00:00,EOL-03,EOL,1,2
2025-10-13 12:00:00,EOL-02,EOL,3,5
2025-10-13 12:00:00,FCT-01,FCT,11,12
2025-10-13 12:00:00,FCT-02,FCT,12,12
2025-10-13 12:00:00,ICT-01,ICT,15,17
2025-10-13 12:00:00,ICT-02,ICT,8,9
2025-10-13 13:00:00,EOL-01,EOL,6,6
2025-10-13 13:00:00,EOL-02,EOL,5,6
2025-10-13 13:00:00,EOL-03,EOL,4,6
2025-10-13 13:00:00,FCT-01,FCT,16,18
2025-10-13 13:00:00,FCT-02,FCT,16,17
2025-10-13 13:00:00,ICT-01,ICT,10,12
2025-10-13 13:00:00,ICT-02,ICT,8,9
2025-10-13 14:00:00,EOL-01,EOL,7,9
2025-10-13 14:00:00,EOL-02,EOL,4,4
2025-10-13 14:00:00,EOL-03,EOL,4,6
2025-10-13 14:00:00,FCT-01,FCT,16,17
2025-10-13 14:00:00,FCT-02,FCT,14,16
2025-10-13 14:00:00,ICT-01,ICT,4,4
2025-10-13 14:00:00,ICT-02,ICT,5,7
2025-10-13 15:00:00,EOL-01,EOL,5,7
2025-10-13 15:00:00,EOL-02,EOL,3,4
2025-10-13 15:00:00,EOL-03,EOL,2,3
2025-10-13 15:00:00,FCT-01,FCT,7,8
2025-10-13 15:00:00,FCT-02,FCT,11,13
2025-10-13 15:00:00,ICT-01,ICT,8,9
2025-10-13 15:00:00,ICT-02,ICT,5,7
2025-10-13 16:00:00,EOL-01,EOL,7,9
2025-10-13 16:00:00,EOL-02,EOL,2,3
2025-10-13 16:00:00,EOL-03,EOL,3,4
2025-10-13 16:00:00,FCT-01,FCT,12,13
2025-10-13 16:00:00,FCT-02,FCT,11,13
2025-10-13 16:00:00,ICT-01,ICT,7,7
2025-10-13 16:00:00,ICT-02,ICT,8,8
2025-10-13 17:00:00,EOL-01,EOL,1,3
2025-10-13 17:00:00,EOL-02,EOL,4,5
2025-10-13 17:00:00,EOL-03,EOL,5,6
2025-10-13 17:00:00,FCT-01,FCT,20,21
2025-10-13 17:00:00,FCT-02,FCT,12,14
2025-10-13 17:00:00,ICT-01,ICT,6,6
2025-10-13 17:00:00,ICT-02,ICT,12,13
2025-10-13 18:00:00,EOL-01,EOL,5,6
2025-10-13 18:00:00,EOL-02,EOL,7,8
2025-10-13 18:00:00,EOL-03,EOL,4,6
2025-10-13 18:00:00,FCT-01,FCT,7,8
2025-10-13 18:00:00,FCT-02,FCT,11,12
2025-10-13 18:00:00,ICT-01,ICT,10,12
2025-10-13 18:00:00,ICT-02,ICT,1,2
2025-10-13 19:00:00,EOL-02,EOL,2,4
2025-10-13 19:00:00,EOL-03,EOL,4,4
2025-10-13 19:00:00,FCT-01,FCT,11,13
2025-10-13 19:00:00,FCT-02,FCT,12,13
2025-10-13 19:00:00,ICT-01,ICT,13,15
2025-10-13 19:00:00,ICT-02,ICT,5,5
2025-10-13 20:00:00,EOL-01,EOL,4,6
2025-10-13 20:00:00,EOL-02,EOL,3,4
2025-10-13 20:00:00,EOL-03,EOL,3,3
2025-10-13 20:00:00,FCT-01,FCT,18,20
2025-10-13 20:00:00,FCT-02,FCT,16,18
2025-10-13 20:00:00,ICT-01,ICT,18,18
2025-10-13 20:00:00,ICT-02,ICT,4,4
2025-10-13 21:00:00,EOL-01,EOL,9,11
2025-10-13 21:00:00,EOL-02,EOL,6,8
2025-10-13 21:00:00,EOL-03,EOL,4,6
2025-10-13 21:00:00,FCT-01,FCT,21,21
2025-10-13 21:00:00,FCT-02,FCT,23,24
2025-10-13 21:00:00,ICT-01,ICT,9,10
2025-10-13 21:00:00,ICT-02,ICT,9,10
2025-10-13 22:00:00,EOL-01,EOL,5,5
2025-10-13 22:00:00,EOL-02,EOL,10,10
2025-10-13 22:00:00,EOL-03,EOL,3,3
2025-10-13 22:00:00,FCT-01,FCT,11,13
2025-10-13 22:00:00,FCT-02,FCT,8,8
