timestamp,station_id,event_type,reason_code,severity,duration_ms
2025-09-14T12:00:00,ICT-01,run,NORMAL,info,48444527
2025-09-16T01:27:24.527000,ICT-01,run,NORMAL,info,36822281
2025-09-16T11:41:06.808000,ICT-01,fault,FIXTURE_CONTACT_OPEN,high,1499281
2025-09-16T12:06:06.089000,ICT-01,maintenance,CALIBRATION,medium,3127629
2025-09-16T12:58:13.718000,ICT-01,idle,SCHEDULED,info,39705282
2025-09-17T00:00:00,ICT-01,run,NORMAL,info,41762424
2025-09-17T11:36:02.424000,ICT-01,idle,SCHEDULED,info,44636576
2025-09-18T00:00:00,ICT-01,run,NORMAL,info,32515435
2025-09-18T09:01:55.435000,ICT-01,fault,FIXTURE_CONTACT_OPEN,high,3166282
2025-09-18T09:54:41.717000,ICT-01,idle,SCHEDULED,info,50717283
2025-09-19T00:00:00,ICT-01,run,NORMAL,info,36010384
2025-09-19T10:00:10.384000,ICT-01,idle,SCHEDULED,info,50388616
2025-09-20T00:00:00,ICT-01,run,NORMAL,info,42194309
2025-09-20T11:43:14.309000,ICT-01,idle,SCHEDULED,info,44204691
2025-09-21T00:00:00,ICT-01,run,NORMAL,info,48407070
2025-09-21T13:26:47.070000,ICT-01,idle,SCHEDULED,info,37991930
2025-09-22T00:00:00,ICT-01,run,NORMAL,info,38022831
2025-09-22T10:33:42.831000,ICT-01,idle,SCHEDULED,info,48376169
2025-09-23T00:00:00,ICT-01,run,NORMAL,info,36741481
2025-09-23T10:12:21.481000,ICT-01,idle,SCHEDULED,info,49657519
2025-09-24T00:00:00,ICT-01,run,NORMAL,info,41423087
2025-09-24T11:30:23.087000,ICT-01,fault,FIXTURE_CONTACT_OPEN,high,1919642
2025-09-24T12:02:22.729000,ICT-01,idle,SCHEDULED,info,43056271
2025-09-25T00:00:00,ICT-01,run,NORMAL,info,43650174
2025-09-25T12:07:30.174000,ICT-01,fault,FIXTURE_CONTACT_OPEN,high,2196187
2025-09-25T12:44:06.361000,ICT-01,idle,SCHEDULED,info,40552639
2025-09-26T00:00:00,ICT-01,run,NORMAL,info,38504556
2025-09-26T10:41:44.556000,ICT-01,fault,FIXTURE_CONTACT_OPEN,high,3007768
2025-09-26T11:31:52.324000,ICT-01,maintenance,CALIBRATION,medium,2658955
2025-09-26T12:16:11.279000,ICT-01,idle,SCHEDULED,info,42227721
2025-09-27T00:00:00,ICT-01,run,NORMAL,info,53775775
2025-09-27T14:56:15.775000,ICT-01,idle,SCHEDULED,info,32623225
2025-09-28T00:00:00,ICT-01,run,NORMAL,info,37128952
2025-09-28T10:18:48.952000,ICT-01,fault,FIXTURE_CONTACT_OPEN,high,2397251
2025-09-28T10:58:46.203000,ICT-01,idle,SCHEDULED,info,46872797
2025-09-29T00:00:00,ICT-01,run,NORMAL,info,39422796
2025-09-29T10:57:02.796000,ICT-01,idle,SCHEDULED,info,46976204
2025-09-30T00:00:00,ICT-01,run,NORMAL,info,44865140
2025-09-30T12:27:45.140000,ICT-01,fault,FIXTURE_CONTACT_OPEN,high,2362015
2025-09-30T13:07:07.155000,ICT-01,idle,SCHEDULED,info,39171845
2025-10-01T00:00:00,ICT-01,run,NORMAL,info,52852320
2025-10-01T14:40:52.320000,ICT-01,fault,FIXTURE_CONTACT_OPEN,high,918241
2025-10-01T14:56:10.561000,ICT-01,idle,SCHEDULED,info,32628439
2025-10-02T00:00:00,ICT-01,run,NORMAL,info,40798091
2025-10-02T11:19:58.091000,ICT-01,fault,FIXTURE_CONTACT_OPEN,high,1421590
2025-10-02T11:43:39.681000,ICT-01,idle,SCHEDULED,info,44179319
2025-10-03T00:00:00,ICT-01,run,NORMAL,info,48499375
2025-10-03T13:28:19.375000,ICT-01,idle,SCHEDULED,info,37899625
2025-10-04T00:00:00,ICT-01,run,NORMAL,info,47396538
2025-10-04T13:09:56.538000,ICT-01,maintenance,CALIBRATION,medium,2642124
2025-10-04T13:53:58.662000,ICT-01,idle,SCHEDULED,info,36360338
2025-10-05T00:00:00,ICT-01,run,NORMAL,info,41036060
2025-10-05T11:23:56.060000,ICT-01,idle,SCHEDULED,info,45362940
2025-10-06T00:00:00,ICT-01,run,NORMAL,info,42166116
2025-10-06T11:42:46.116000,ICT-01,fault,FIXTURE_CONTACT_OPEN,high,1739677
2025-10-06T12:11:45.793000,ICT-01,idle,SCHEDULED,info,42493207
2025-10-07T00:00:00,ICT-01,run,NORMAL,info,48508537
2025-10-07T13:28:28.537000,ICT-01,idle,SCHEDULED,info,37890463
2025-10-08T00:00:00,ICT-01,run,NORMAL,info,41284274
2025-10-08T11:28:04.274000,ICT-01,fault,FIXTURE_CONTACT_OPEN,high,1063213
2025-10-08T11:45:47.487000,ICT-01,idle,SCHEDULED,info,44051513
2025-10-09T00:00:00,ICT-01,run,NORMAL,info,44393673
2025-10-09T12:19:53.673000,ICT-01,fault,FIXTURE_CONTACT_OPEN,high,3624884
2025-10-09T13:20:18.557000,ICT-01,idle,SCHEDULED,info,38380443
2025-10-10T00:00:00,ICT-01,run,NORMAL,info,44294472
2025-10-10T12:18:14.472000,ICT-01,idle,SCHEDULED,info,42104528
2025-10-11T00:00:00,ICT-01,run,NORMAL,info,46794751
2025-10-11T12:59:54.751000,ICT-01,idle,SCHEDULED,info,39604249
2025-10-12T00:00:00,ICT-01,run,NORMAL,info,56907878
2025-10-12T15:48:27.878000,ICT-01,idle,SCHEDULED,info,29491122
2025-10-13T00:00:00,ICT-01,run,NORMAL,info,39563075
2025-10-13T10:59:23.075000,ICT-01,fault,FIXTURE_CONTACT_OPEN,high,4323386
2025-10-13T12:11:26.461000,ICT-01,idle,SCHEDULED,info,42512539
2025-10-14T00:00:00,ICT-01,run,NORMAL,info,50002166
2025-10-14T13:53:22.166000,ICT-01,idle,SCHEDULED,info,36396834
2025-09-14T12:00:00,ICT-02,run,NORMAL,info,44024542
2025-09-16T00:13:44.542000,ICT-02,run,NORMAL,info,45314596
2025-09-16T12:48:59.138000,ICT-02,idle,SCHEDULED,info,40259862
2025-09-17T00:00:00,ICT-02,run,NORMAL,info,38343935
2025-09-17T10:39:03.935000,ICT-02,idle,SCHEDULED,info,48055065
2025-09-18T00:00:00,ICT-02,run,NORMAL,info,40673213
2025-09-18T11:17:53.213000,ICT-02,idle,SCHEDULED,info,45725787
2025-09-19T00:00:00,ICT-02,run,NORMAL,info,38465097
2025-09-19T10:41:05.097000,ICT-02,fault,FIXTURE_CONTACT_OPEN,high,1101529
2025-09-19T10:59:26.626000,ICT-02,idle,SCHEDULED,info,46832374
2025-09-20T00:00:00,ICT-02,run,NORMAL,info,47102667
2025-09-20T13:05:02.667000,ICT-02,fault,FIXTURE_CONTACT_OPEN,high,1112308
2025-09-20T13:23:34.975000,ICT-02,idle,SCHEDULED,info,38184025
2025-09-21T00:00:00,ICT-02,run,NORMAL,info,49607319
2025-09-21T13:46:47.319000,ICT-02,fault,FIXTURE_CONTACT_OPEN,high,827589
2025-09-21T14:00:34.908000,ICT-02,idle,SCHEDULED,info,35964092
2025-09-22T00:00:00,ICT-02,run,NORMAL,info,43704272
2025-09-22T12:08:24.272000,ICT-02,idle,SCHEDULED,info,42694728
2025-09-23T00:00:00,ICT-02,run,NORMAL,info,49048648
2025-09-23T13:37:28.648000,ICT-02,idle,SCHEDULED,info,37350352
2025-09-24T00:00:00,ICT-02,run,NORMAL,info,46095955
2025-09-24T12:48:15.955000,ICT-02,idle,SCHEDULED,info,40303045
2025-09-25T00:00:00,ICT-02,run,NORMAL,info,42501505
2025-09-25T11:48:21.505000,ICT-02,maintenance,CALIBRATION,medium,2553517
2025-09-25T12:30:55.022000,ICT-02,idle,SCHEDULED,info,41343978
2025-09-26T00:00:00,ICT-02,run,NORMAL,info,42313873
2025-09-26T11:45:13.873000,ICT-02,idle,SCHEDULED,info,44085127
2025-09-27T00:00:00,ICT-02,run,NORMAL,info,49147781
2025-09-27T13:39:07.781000,ICT-02,idle,SCHEDULED,info,37251219
2025-09-28T00:00:00,ICT-02,run,NORMAL,info,41865204
2025-09-28T11:37:45.204000,ICT-02,maintenance,CALIBRATION,medium,3394760
2025-09-28T12:34:19.964000,ICT-02,idle,SCHEDULED,info,41139036
2025-09-29T00:00:00,ICT-02,run,NORMAL,info,58210582
2025-09-29T16:10:10.582000,ICT-02,fault,FIXTURE_CONTACT_OPEN,high,3030700
2025-09-29T17:00:41.282000,ICT-02,idle,SCHEDULED,info,25157718
2025-09-30T00:00:00,ICT-02,run,NORMAL,info,38510314
2025-09-30T10:41:50.314000,ICT-02,idle,SCHEDULED,info,47888686
2025-10-01T00:00:00,ICT-02,run,NORMAL,info,50491808
2025-10-01T14:01:31.808000,ICT-02,idle,SCHEDULED,info,35907192
2025-10-02T00:00:00,ICT-02,run,NORMAL,info,39461176
2025-10-02T10:57:41.176000,ICT-02,idle,SCHEDULED,info,46937824
2025-10-03T00:00:00,ICT-02,run,NORMAL,info,46885811
2025-10-03T13:01:25.811000,ICT-02,idle,SCHEDULED,info,39513189
2025-10-04T00:00:00,ICT-02,run,NORMAL,info,41120825
2025-10-04T11:25:20.825000,ICT-02,idle,SCHEDULED,info,45278175
2025-10-05T00:00:00,ICT-02,run,NORMAL,info,45646853
2025-10-05T12:40:46.853000,ICT-02,idle,SCHEDULED,info,40752147
2025-10-06T00:00:00,ICT-02,run,NORMAL,info,44922621
2025-10-06T12:28:42.621000,ICT-02,idle,SCHEDULED,info,41476379
2025-10-07T00:00:00,ICT-02,run,NORMAL,info,34953940
2025-10-07T09:42:33.940000,ICT-02,maintenance,CALIBRATION,medium,3122139
2025-10-07T10:34:36.079000,ICT-02,idle,SCHEDULED,info,48322921
2025-10-08T00:00:00,ICT-02,run,NORMAL,info,42271015
2025-10-08T11:44:31.015000,ICT-02,idle,SCHEDULED,info,44127985
2025-10-09T00:00:00,ICT-02,run,NORMAL,info,37469966
2025-10-09T10:24:29.966000,ICT-02,idle,SCHEDULED,info,48929034
2025-10-10T00:00:00,ICT-02,run,NORMAL,info,50716085
2025-10-10T14:05:16.085000,ICT-02,idle,SCHEDULED,info,35682915
2025-10-11T00:00:00,ICT-02,run,NORMAL,info,41975022
2025-10-11T11:39:35.022000,ICT-02,fault,FIXTURE_CONTACT_OPEN,high,1802374
2025-10-11T12:09:37.396000,ICT-02,idle,SCHEDULED,info,42621604
2025-10-12T00:00:00,ICT-02,run,NORMAL,info,29589589
2025-10-12T08:13:09.589000,ICT-02,idle,SCHEDULED,info,56809411
2025-10-13T00:00:00,ICT-02,run,NORMAL,info,49118467
2025-10-13T13:38:38.467000,ICT-02,idle,SCHEDULED,info,37280533
2025-10-14T00:00:00,ICT-02,run,NORMAL,info,44018688
2025-10-14T12:13:38.688000,ICT-02,idle,SCHEDULED,info,42380312
2025-09-14T12:00:00,FCT-01,run,NORMAL,info,39186681
2025-09-14T22:53:06.681000,FCT-01,idle,SCHEDULED,info,4012319
2025-09-15T00:00:00,FCT-01,run,NORMAL,info,44118020
2025-09-15T12:15:18.020000,FCT-01,fault,FIXTURE_CONTACT_OPEN,high,412256
2025-09-15T12:22:10.276000,FCT-01,idle,SCHEDULED,info,41868724
2025-09-16T00:00:00,FCT-01,run,NORMAL,info,37471521
2025-09-16T10:24:31.521000,FCT-01,idle,SCHEDULED,info,48927479
2025-09-17T00:00:00,FCT-01,run,NORMAL,info,36342210
2025-09-17T10:05:42.210000,FCT-01,idle,SCHEDULED,info,50056790
2025-09-18T00:00:00,FCT-01,run,NORMAL,info,51459747
2025-09-18T14:17:39.747000,FCT-01,idle,SCHEDULED,info,34939253
2025-09-19T00:00:00,FCT-01,run,NORMAL,info,44962793
2025-09-19T12:29:22.793000,FCT-01,fault,FIXTURE_CONTACT_OPEN,high,660176
2025-09-19T12:40:22.969000,FCT-01,idle,SCHEDULED,info,40776031
2025-09-20T00:00:00,FCT-01,run,NORMAL,info,40309279
2025-09-20T11:11:49.279000,FCT-01,idle,SCHEDULED,info,46089721
2025-09-21T00:00:00,FCT-01,run,NORMAL,info,39992996
2025-09-21T11:06:32.996000,FCT-01,idle,SCHEDULED,info,46406004
2025-09-22T00:00:00,FCT-01,run,NORMAL,info,48099031
2025-09-22T13:21:39.031000,FCT-01,fault,FIXTURE_CONTACT_OPEN,high,2070944
2025-09-22T13:56:09.975000,FCT-01,maintenance,CALIBRATION,medium,2225040
2025-09-22T14:33:15.015000,FCT-01,idle,SCHEDULED,info,34003985
2025-09-23T00:00:00,FCT-01,run,NORMAL,info,51644955
2025-09-23T14:20:44.955000,FCT-01,idle,SCHEDULED,info,34754045
2025-09-24T00:00:00,FCT-01,run,NORMAL,info,41877965
2025-09-24T11:37:57.965000,FCT-01,idle,SCHEDULED,info,44521035
2025-09-25T00:00:00,FCT-01,run,NORMAL,info,35513598
2025-09-25T09:51:53.598000,FCT-01,fault,FIXTURE_CONTACT_OPEN,high,2149469
2025-09-25T10:27:43.067000,FCT-01,idle,SCHEDULED,info,48735933
2025-09-26T00:00:00,FCT-01,run,NORMAL,info,39532804
2025-09-26T10:58:52.804000,FCT-01,idle,SCHEDULED,info,46866196
2025-09-27T00:00:00,FCT-01,run,NORMAL,info,45689808
2025-09-27T12:41:29.808000,FCT-01,fault,FIXTURE_CONTACT_OPEN,high,3472625
2025-09-27T13:39:22.433000,FCT-01,idle,SCHEDULED,info,37236567
2025-09-28T00:00:00,FCT-01,run,NORMAL,info,44391294
2025-09-28T12:19:51.294000,FCT-01,idle,SCHEDULED,info,42007706
2025-09-29T00:00:00,FCT-01,run,NORMAL,info,51976929
2025-09-29T14:26:16.929000,FCT-01,idle,SCHEDULED,info,34422071
2025-09-30T00:00:00,FCT-01,run,NORMAL,info,43830781
2025-09-30T12:10:30.781000,FCT-01,idle,SCHEDULED,info,42568219
2025-10-01T00:00:00,FCT-01,run,NORMAL,info,45032325
2025-10-01T12:30:32.325000,FCT-01,idle,SCHEDULED,info,41366675
2025-10-02T00:00:00,FCT-01,run,NORMAL,info,31574895
2025-10-02T08:46:14.895000,FCT-01,idle,SCHEDULED,info,54824105
2025-10-03T00:00:00,FCT-01,run,NORMAL,info,36485449
2025-10-03T10:08:05.449000,FCT-01,fault,FIXTURE_CONTACT_OPEN,high,1232476
2025-10-03T10:28:37.925000,FCT-01,idle,SCHEDULED,info,48681075
2025-10-04T00:00:00,FCT-01,run,NORMAL,info,39792981
2025-10-04T11:03:12.981000,FCT-01,fault,FIXTURE_CONTACT_OPEN,high,2143830
2025-10-04T11:38:56.811000,FCT-01,idle,SCHEDULED,info,44462189
2025-10-05T00:00:00,FCT-01,run,NORMAL,info,44800580
2025-10-05T12:26:40.580000,FCT-01,idle,SCHEDULED,info,41598420
2025-10-06T00:00:00,FCT-01,run,NORMAL,info,42053411
2025-10-06T11:40:53.411000,FCT-01,idle,SCHEDULED,info,44345589
2025-10-07T00:00:00,FCT-01,run,NORMAL,info,42953888
2025-10-07T11:55:53.888000,FCT-01,idle,SCHEDULED,info,43445112
2025-10-08T00:00:00,FCT-01,run,NORMAL,info,41344662
2025-10-08T11:29:04.662000,FCT-01,idle,SCHEDULED,info,45054338
2025-10-09T00:00:00,FCT-01,run,NORMAL,info,39336179
2025-10-09T10:55:36.179000,FCT-01,maintenance,CALIBRATION,medium,2220846
2025-10-09T11:32:37.025000,FCT-01,idle,SCHEDULED,info,44841975
2025-10-10T00:00:00,FCT-01,run,NORMAL,info,46512072
2025-10-10T12:55:12.072000,FCT-01,idle,SCHEDULED,info,39886928
2025-10-11T00:00:00,FCT-01,run,NORMAL,info,46746030
2025-10-11T12:59:06.030000,FCT-01,idle,SCHEDULED,info,39652970
2025-10-12T00:00:00,FCT-01,run,NORMAL,info,40215492
2025-10-12T11:10:15.492000,FCT-01,fault,FIXTURE_CONTACT_OPEN,high,2297695
2025-10-12T11:48:33.187000,FCT-01,idle,SCHEDULED,info,43885813
2025-10-13T00:00:00,FCT-01,run,NORMAL,info,39608883
2025-10-13T11:00:08.883000,FCT-01,idle,SCHEDULED,info,46790117
2025-10-14T00:00:00,FCT-01,run,NORMAL,info,50698101
2025-10-14T14:04:58.101000,FCT-01,idle,SCHEDULED,info,35700899
2025-09-14T12:00:00,FCT-02,run,NORMAL,info,41644351
2025-09-14T23:34:04.351000,FCT-02,idle,SCHEDULED,info,1554649
2025-09-15T00:00:00,FCT-02,run,NORMAL,info,41474806
2025-09-15T11:31:14.806000,FCT-02,fault,FIXTURE_CONTACT_OPEN,high,1794748
2025-09-15T12:01:09.554000,FCT-02,maintenance,CALIBRATION,medium,2816403
2025-09-15T12:48:05.957000,FCT-02,idle,SCHEDULED,info,40313043
2025-09-16T00:00:00,FCT-02,run,NORMAL,info,44525161
2025-09-16T12:22:05.161000,FCT-02,idle,SCHEDULED,info,41873839
2025-09-17T00:00:00,FCT-02,run,NORMAL,info,38183132
2025-09-17T10:36:23.132000,FCT-02,fault,FIXTURE_CONTACT_OPEN,high,1800455
2025-09-17T11:06:23.587000,FCT-02,idle,SCHEDULED,info,46415413
2025-09-18T00:00:00,FCT-02,run,NORMAL,info,36194172
2025-09-18T10:03:14.172000,FCT-02,idle,SCHEDULED,info,50204828
2025-09-19T00:00:00,FCT-02,run,NORMAL,info,41395187
2025-09-19T11:29:55.187000,FCT-02,idle,SCHEDULED,info,45003813
2025-09-20T00:00:00,FCT-02,run,NORMAL,info,48135001
2025-09-20T13:22:15.001000,FCT-02,idle,SCHEDULED,info,38263999
2025-09-21T00:00:00,FCT-02,run,NORMAL,info,45680899
2025-09-21T12:41:20.899000,FCT-02,maintenance,CALIBRATION,medium,2045472
2025-09-21T13:15:26.371000,FCT-02,idle,SCHEDULED,info,38672629
2025-09-22T00:00:00,FCT-02,run,NORMAL,info,39610257
2025-09-22T11:00:10.257000,FCT-02,idle,SCHEDULED,info,46788743
2025-09-23T00:00:00,FCT-02,run,NORMAL,info,46275027
2025-09-23T12:51:15.027000,FCT-02,idle,SCHEDULED,info,40123973
2025-09-24T00:00:00,FCT-02,run,NORMAL,info,45616805
2025-09-24T12:40:16.805000,FCT-02,idle,SCHEDULED,info,40782195
2025-09-25T00:00:00,FCT-02,run,NORMAL,info,45043903
2025-09-25T12:30:43.903000,FCT-02,idle,SCHEDULED,info,41355097
2025-09-26T00:00:00,FCT-02,run,NORMAL,info,41683408
2025-09-26T11:34:43.408000,FCT-02,idle,SCHEDULED,info,44715592
2025-09-27T00:00:00,FCT-02,run,NORMAL,info,40092501
2025-09-27T11:08:12.501000,FCT-02,fault,FIXTURE_CONTACT_OPEN,high,2390910
2025-09-27T11:48:03.411000,FCT-02,idle,SCHEDULED,info,43915589
2025-09-28T00:00:00,FCT-02,run,NORMAL,info,34297813
2025-09-28T09:31:37.813000,FCT-02,fault,FIXTURE_CONTACT_OPEN,high,2379295
2025-09-28T10:11:17.108000,FCT-02,idle,SCHEDULED,info,49721892
2025-09-29T00:00:00,FCT-02,run,NORMAL,info,44196550
2025-09-29T12:16:36.550000,FCT-02,fault,FIXTURE_CONTACT_OPEN,high,2713292
2025-09-29T13:01:49.842000,FCT-02,idle,SCHEDULED,info,39489158
2025-09-30T00:00:00,FCT-02,run,NORMAL,info,39526733
2025-09-30T10:58:46.733000,FCT-02,fault,FIXTURE_CONTACT_OPEN,high,783234
2025-09-30T11:11:49.967000,FCT-02,maintenance,CALIBRATION,medium,2411454
2025-09-30T11:52:01.421000,FCT-02,idle,SCHEDULED,info,43677579
2025-10-01T00:00:00,FCT-02,run,NORMAL,info,52794701
2025-10-01T14:39:54.701000,FCT-02,fault,FIXTURE_CONTACT_OPEN,high,2299716
2025-10-01T15:18:14.417000,FCT-02,idle,SCHEDULED,info,31304583
2025-10-02T00:00:00,FCT-02,run,NORMAL,info,46492629
2025-10-02T12:54:52.629000,FCT-02,idle,SCHEDULED,info,39906371
2025-10-03T00:00:00,FCT-02,run,NORMAL,info,45973314
2025-10-03T12:46:13.314000,FCT-02,idle,SCHEDULED,info,40425686
2025-10-04T00:00:00,FCT-02,run,NORMAL,info,45404776
2025-10-04T12:36:44.776000,FCT-02,idle,SCHEDULED,info,40994224
2025-10-05T00:00:00,FCT-02,run,NORMAL,info,44298755
2025-10-05T12:18:18.755000,FCT-02,idle,SCHEDULED,info,42100245
2025-10-06T00:00:00,FCT-02,run,NORMAL,info,44007306
2025-10-06T12:13:27.306000,FCT-02,fault,FIXTURE_CONTACT_OPEN,high,558551
2025-10-06T12:22:45.857000,FCT-02,idle,SCHEDULED,info,41833143
2025-10-07T00:00:00,FCT-02,run,NORMAL,info,40832006
2025-10-07T11:20:32.006000,FCT-02,idle,SCHEDULED,info,45566994
2025-10-08T00:00:00,FCT-02,run,NORMAL,info,47476661
2025-10-08T13:11:16.661000,FCT-02,idle,SCHEDULED,info,38922339
2025-10-09T00:00:00,FCT-02,run,NORMAL,info,48007141
2025-10-09T13:20:07.141000,FCT-02,fault,FIXTURE_CONTACT_OPEN,high,438521
2025-10-09T13:27:25.662000,FCT-02,maintenance,CALIBRATION,medium,1662436
2025-10-09T13:55:08.098000,FCT-02,idle,SCHEDULED,info,36290902
2025-10-10T00:00:00,FCT-02,run,NORMAL,info,43572372
2025-10-10T12:06:12.372000,FCT-02,idle,SCHEDULED,info,42826628
2025-10-11T00:00:00,FCT-02,run,NORMAL,info,55756955
2025-10-11T15:29:16.955000,FCT-02,idle,SCHEDULED,info,30642045
2025-10-12T00:00:00,FCT-02,run,NORMAL,info,42909241
2025-10-12T11:55:09.241000,FCT-02,idle,SCHEDULED,info,43489759
2025-10-13T00:00:00,FCT-02,run,NORMAL,info,50113372
2025-10-13T13:55:13.372000,FCT-02,idle,SCHEDULED,info,36285628
2025-10-14T00:00:00,FCT-02,run,NORMAL,info,45558740
2025-10-14T12:39:18.740000,FCT-02,idle,SCHEDULED,info,40840260
2025-09-14T12:00:00,EOL-01,run,NORMAL,info,46242375
2025-09-16T00:50:42.375000,EOL-01,run,NORMAL,info,51786401
2025-09-16T15:13:48.776000,EOL-01,idle,SCHEDULED,info,31570224
2025-09-17T00:00:00,EOL-01,run,NORMAL,info,32816769
2025-09-17T09:06:56.769000,EOL-01,fault,FIXTURE_CONTACT_OPEN,high,2259532
2025-09-17T09:44:36.301000,EOL-01,idle,SCHEDULED,info,51322699
2025-09-18T00:00:00,EOL-01,run,NORMAL,info,43706557
2025-09-18T12:08:26.557000,EOL-01,fault,FIXTURE_CONTACT_OPEN,high,2073851
2025-09-18T12:43:00.408000,EOL-01,idle,SCHEDULED,info,40618592
2025-09-19T00:00:00,EOL-01,run,NORMAL,info,47503212
2025-09-19T13:11:43.212000,EOL-01,idle,SCHEDULED,info,38895788
2025-09-20T00:00:00,EOL-01,run,NORMAL,info,44986930
2025-09-20T12:29:46.930000,EOL-01,fault,FIXTURE_CONTACT_OPEN,high,1704890
2025-09-20T12:58:11.820000,EOL-01,idle,SCHEDULED,info,39707180
2025-09-21T00:00:00,EOL-01,run,NORMAL,info,44920162
2025-09-21T12:28:40.162000,EOL-01,idle,SCHEDULED,info,41478838
2025-09-22T00:00:00,EOL-01,run,NORMAL,info,38838279
2025-09-22T10:47:18.279000,EOL-01,idle,SCHEDULED,info,47560721
2025-09-23T00:00:00,EOL-01,run,NORMAL,info,43301986
2025-09-23T12:01:41.986000,EOL-01,idle,SCHEDULED,info,43097014
2025-09-24T00:00:00,EOL-01,run,NORMAL,info,46518930
2025-09-24T12:55:18.930000,EOL-01,idle,SCHEDULED,info,39880070
2025-09-25T00:00:00,EOL-01,run,NORMAL,info,37914028
2025-09-25T10:31:54.028000,EOL-01,fault,FIXTURE_CONTACT_OPEN,high,197584
2025-09-25T10:35:11.612000,EOL-01,idle,SCHEDULED,info,48287388
2025-09-26T00:00:00,EOL-01,run,NORMAL,info,49594626
2025-09-26T13:46:34.626000,EOL-01,fault,FIXTURE_CONTACT_OPEN,high,902013
2025-09-26T14:01:36.639000,EOL-01,idle,SCHEDULED,info,35902361
2025-09-27T00:00:00,EOL-01,run,NORMAL,info,53544429
2025-09-27T14:52:24.429000,EOL-01,idle,SCHEDULED,info,32854571
2025-09-28T00:00:00,EOL-01,run,NORMAL,info,32590586
2025-09-28T09:03:10.586000,EOL-01,idle,SCHEDULED,info,53808414
2025-09-29T00:00:00,EOL-01,run,NORMAL,info,39939764
2025-09-29T11:05:39.764000,EOL-01,fault,FIXTURE_CONTACT_OPEN,high,2236931
2025-09-29T11:42:56.695000,EOL-01,idle,SCHEDULED,info,44222305
2025-09-30T00:00:00,EOL-01,run,NORMAL,info,39101152
2025-09-30T10:51:41.152000,EOL-01,idle,SCHEDULED,info,47297848
2025-10-01T00:00:00,EOL-01,run,NORMAL,info,33826950
2025-10-01T09:23:46.950000,EOL-01,fault,FIXTURE_CONTACT_OPEN,high,3195481
2025-10-01T10:17:02.431000,EOL-01,idle,SCHEDULED,info,49376569
2025-10-02T00:00:00,EOL-01,run,NORMAL,info,42033895
2025-10-02T11:40:33.895000,EOL-01,idle,SCHEDULED,info,44365105
2025-10-03T00:00:00,EOL-01,run,NORMAL,info,39346936
2025-10-03T10:55:46.936000,EOL-01,idle,SCHEDULED,info,47052064
2025-10-04T00:00:00,EOL-01,run,NORMAL,info,43556631
2025-10-04T12:05:56.631000,EOL-01,idle,SCHEDULED,info,42842369
2025-10-05T00:00:00,EOL-01,run,NORMAL,info,48069383
2025-10-05T13:21:09.383000,EOL-01,fault,FIXTURE_CONTACT_OPEN,high,2283402
2025-10-05T13:59:12.785000,EOL-01,idle,SCHEDULED,info,36046215
2025-10-06T00:00:00,EOL-01,run,NORMAL,info,42579374
2025-10-06T11:49:39.374000,EOL-01,idle,SCHEDULED,info,43819626
2025-10-07T00:00:00,EOL-01,run,NORMAL,info,50007212
2025-10-07T13:53:27.212000,EOL-01,fault,FIXTURE_CONTACT_OPEN,high,1465104
2025-10-07T14:17:52.316000,EOL-01,idle,SCHEDULED,info,34926684
2025-10-08T00:00:00,EOL-01,run,NORMAL,info,46663588
2025-10-08T12:57:43.588000,EOL-01,idle,SCHEDULED,info,39735412
2025-10-09T00:00:00,EOL-01,run,NORMAL,info,38967308
2025-10-09T10:49:27.308000,EOL-01,idle,SCHEDULED,info,47431692
2025-10-10T00:00:00,EOL-01,run,NORMAL,info,50312834
2025-10-10T13:58:32.834000,EOL-01,fault,FIXTURE_CONTACT_OPEN,high,2703755
2025-10-10T14:43:36.589000,EOL-01,idle,SCHEDULED,info,33382411
2025-10-11T00:00:00,EOL-01,run,NORMAL,info,46681673
2025-10-11T12:58:01.673000,EOL-01,idle,SCHEDULED,info,39717327
2025-10-12T00:00:00,EOL-01,run,NORMAL,info,30287354
2025-10-12T08:24:47.354000,EOL-01,fault,FIXTURE_CONTACT_OPEN,high,1489666
2025-10-12T08:49:37.020000,EOL-01,idle,SCHEDULED,info,54621980
2025-10-13T00:00:00,EOL-01,run,NORMAL,info,42085686
2025-10-13T11:41:25.686000,EOL-01,idle,SCHEDULED,info,44313314
2025-10-14T00:00:00,EOL-01,run,NORMAL,info,48308773
2025-10-14T13:25:08.773000,EOL-01,fault,FIXTURE_CONTACT_OPEN,high,1102625
2025-10-14T13:43:31.398000,EOL-01,idle,SCHEDULED,info,36987602
2025-09-14T12:00:00,EOL-02,run,NORMAL,info,31965403
2025-09-14T20:52:45.403000,EOL-02,idle,SCHEDULED,info,11233597
2025-09-15T00:00:00,EOL-02,run,NORMAL,info,47515947
2025-09-15T13:11:55.947000,EOL-02,idle,SCHEDULED,info,38883053
2025-09-16T00:00:00,EOL-02,run,NORMAL,info,50523102
2025-09-16T14:02:03.102000,EOL-02,idle,SCHEDULED,info,35875898
2025-09-17T00:00:00,EOL-02,run,NORMAL,info,38097148
2025-09-17T10:34:57.148000,EOL-02,fault,FIXTURE_CONTACT_OPEN,high,1204662
2025-09-17T10:55:01.810000,EOL-02,idle,SCHEDULED,info,47097190
2025-09-18T00:00:00,EOL-02,run,NORMAL,info,43003015
2025-09-18T11:56:43.015000,EOL-02,idle,SCHEDULED,info,43395985
2025-09-19T00:00:00,EOL-02,run,NORMAL,info,46003558
2025-09-19T12:46:43.558000,EOL-02,maintenance,CALIBRATION,medium,2881388
2025-09-19T13:34:44.946000,EOL-02,idle,SCHEDULED,info,37514054
2025-09-20T00:00:00,EOL-02,run,NORMAL,info,48707734
2025-09-20T13:31:47.734000,EOL-02,idle,SCHEDULED,info,37691266
2025-09-21T00:00:00,EOL-02,run,NORMAL,info,42442689
2025-09-21T11:47:22.689000,EOL-02,idle,SCHEDULED,info,43956311
2025-09-22T00:00:00,EOL-02,run,NORMAL,info,52960163
2025-09-22T14:42:40.163000,EOL-02,idle,SCHEDULED,info,33438837
2025-09-23T00:00:00,EOL-02,run,NORMAL,info,48828671
2025-09-23T13:33:48.671000,EOL-02,fault,FIXTURE_CONTACT_OPEN,high,1469742
2025-09-23T13:58:18.413000,EOL-02,idle,SCHEDULED,info,36100587
2025-09-24T00:00:00,EOL-02,run,NORMAL,info,42284048
2025-09-24T11:44:44.048000,EOL-02,fault,FIXTURE_CONTACT_OPEN,high,870180
2025-09-24T11:59:14.228000,EOL-02,idle,SCHEDULED,info,43244772
2025-09-25T00:00:00,EOL-02,run,NORMAL,info,46336101
2025-09-25T12:52:16.101000,EOL-02,idle,SCHEDULED,info,40062899
2025-09-26T00:00:00,EOL-02,run,NORMAL,info,46536598
2025-09-26T12:55:36.598000,EOL-02,idle,SCHEDULED,info,39862402
2025-09-27T00:00:00,EOL-02,run,NORMAL,info,46076262
2025-09-27T12:47:56.262000,EOL-02,fault,FIXTURE_CONTACT_OPEN,high,1963659
2025-09-27T13:20:39.921000,EOL-02,maintenance,CALIBRATION,medium,3012875
2025-09-27T14:10:52.796000,EOL-02,idle,SCHEDULED,info,35346204
2025-09-28T00:00:00,EOL-02,run,NORMAL,info,44024281
2025-09-28T12:13:44.281000,EOL-02,fault,FIXTURE_CONTACT_OPEN,high,866372
2025-09-28T12:28:10.653000,EOL-02,idle,SCHEDULED,info,41508347
2025-09-29T00:00:00,EOL-02,run,NORMAL,info,39195565
2025-09-29T10:53:15.565000,EOL-02,idle,SCHEDULED,info,47203435
2025-09-30T00:00:00,EOL-02,run,NORMAL,info,51643002
2025-09-30T14:20:43.002000,EOL-02,idle,SCHEDULED,info,34755998
2025-10-01T00:00:00,EOL-02,run,NORMAL,info,39102363
2025-10-01T10:51:42.363000,EOL-02,fault,FIXTURE_CONTACT_OPEN,high,3295734
2025-10-01T11:46:38.097000,EOL-02,idle,SCHEDULED,info,44000903
2025-10-02T00:00:00,EOL-02,run,NORMAL,info,48529366
2025-10-02T13:28:49.366000,EOL-02,idle,SCHEDULED,info,37869634
2025-10-03T00:00:00,EOL-02,run,NORMAL,info,45662186
2025-10-03T12:41:02.186000,EOL-02,idle,SCHEDULED,info,40736814
2025-10-04T00:00:00,EOL-02,run,NORMAL,info,46148305
2025-10-04T12:49:08.305000,EOL-02,idle,SCHEDULED,info,40250695
2025-10-05T00:00:00,EOL-02,run,NORMAL,info,40335475
2025-10-05T11:12:15.475000,EOL-02,fault,FIXTURE_CONTACT_OPEN,high,516185
2025-10-05T11:20:51.660000,EOL-02,idle,SCHEDULED,info,45547340
2025-10-06T00:00:00,EOL-02,run,NORMAL,info,46620177
2025-10-06T12:57:00.177000,EOL-02,idle,SCHEDULED,info,39778823
2025-10-07T00:00:00,EOL-02,run,NORMAL,info,41209994
2025-10-07T11:26:49.994000,EOL-02,fault,FIXTURE_CONTACT_OPEN,high,830378
2025-10-07T11:40:40.372000,EOL-02,idle,SCHEDULED,info,44358628
2025-10-08T00:00:00,EOL-02,run,NORMAL,info,35751555
2025-10-08T09:55:51.555000,EOL-02,idle,SCHEDULED,info,50647445
2025-10-09T00:00:00,EOL-02,run,NORMAL,info,38748502
2025-10-09T10:45:48.502000,EOL-02,maintenance,CALIBRATION,medium,2029702
2025-10-09T11:19:38.204000,EOL-02,idle,SCHEDULED,info,45620796
2025-10-10T00:00:00,EOL-02,run,NORMAL,info,46000204
2025-10-10T12:46:40.204000,EOL-02,idle,SCHEDULED,info,40398796
2025-10-11T00:00:00,EOL-02,run,NORMAL,info,41553449
2025-10-11T11:32:33.449000,EOL-02,maintenance,CALIBRATION,medium,2113857
2025-10-11T12:07:47.306000,EOL-02,idle,SCHEDULED,info,42731694
2025-10-12T00:00:00,EOL-02,run,NORMAL,info,36704589
2025-10-12T10:11:44.589000,EOL-02,maintenance,CALIBRATION,medium,2461350
2025-10-12T10:52:45.939000,EOL-02,idle,SCHEDULED,info,47233061
2025-10-13T00:00:00,EOL-02,run,NORMAL,info,43062560
2025-10-13T11:57:42.560000,EOL-02,idle,SCHEDULED,info,43336440
2025-10-14T00:00:00,EOL-02,run,NORMAL,info,37032817
2025-10-14T10:17:12.817000,EOL-02,idle,SCHEDULED,info,49366183
2025-09-14T12:00:00,EOL-03,run,NORMAL,info,41723305
2025-09-14T23:35:23.305000,EOL-03,fault,FIXTURE_CONTACT_OPEN,high,2470001
2025-09-16T00:16:33.306000,EOL-03,run,NORMAL,info,30439242
2025-09-16T08:43:52.548000,EOL-03,idle,SCHEDULED,info,54966452
2025-09-17T00:00:00,EOL-03,run,NORMAL,info,48387308
2025-09-17T13:26:27.308000,EOL-03,idle,SCHEDULED,info,38011692
2025-09-18T00:00:00,EOL-03,run,NORMAL,info,39856769
2025-09-18T11:04:16.769000,EOL-03,idle,SCHEDULED,info,46542231
2025-09-19T00:00:00,EOL-03,run,NORMAL,info,39839040
2025-09-19T11:03:59.040000,EOL-03,fault,FIXTURE_CONTACT_OPEN,high,481159
2025-09-19T11:12:00.199000,EOL-03,idle,SCHEDULED,info,46078801
2025-09-20T00:00:00,EOL-03,run,NORMAL,info,44690669
2025-09-20T12:24:50.669000,EOL-03,idle,SCHEDULED,info,41708331
2025-09-21T00:00:00,EOL-03,run,NORMAL,info,43252565
2025-09-21T12:00:52.565000,EOL-03,idle,SCHEDULED,info,43146435
2025-09-22T00:00:00,EOL-03,run,NORMAL,info,46945371
2025-09-22T13:02:25.371000,EOL-03,idle,SCHEDULED,info,39453629
2025-09-23T00:00:00,EOL-03,run,NORMAL,info,45999253
2025-09-23T12:46:39.253000,EOL-03,maintenance,CALIBRATION,medium,3659349
2025-09-23T13:47:38.602000,EOL-03,idle,SCHEDULED,info,36740398
2025-09-24T00:00:00,EOL-03,run,NORMAL,info,56526124
2025-09-24T15:42:06.124000,EOL-03,idle,SCHEDULED,info,29872876
2025-09-25T00:00:00,EOL-03,run,NORMAL,info,39401191
2025-09-25T10:56:41.191000,EOL-03,idle,SCHEDULED,info,46997809
2025-09-26T00:00:00,EOL-03,run,NORMAL,info,49142681
2025-09-26T13:39:02.681000,EOL-03,idle,SCHEDULED,info,37256319
2025-09-27T00:00:00,EOL-03,run,NORMAL,info,52406961
2025-09-27T14:33:26.961000,EOL-03,idle,SCHEDULED,info,33992039
2025-09-28T00:00:00,EOL-03,run,NORMAL,info,38470168
2025-09-28T10:41:10.168000,EOL-03,fault,FIXTURE_CONTACT_OPEN,high,2007925
2025-09-28T11:14:38.093000,EOL-03,idle,SCHEDULED,info,45920907
2025-09-29T00:00:00,EOL-03,run,NORMAL,info,43230485
2025-09-29T12:00:30.485000,EOL-03,fault,FIXTURE_CONTACT_OPEN,high,1652138
2025-09-29T12:28:02.623000,EOL-03,idle,SCHEDULED,info,41516377
2025-09-30T00:00:00,EOL-03,run,NORMAL,info,50441974
2025-09-30T14:00:41.974000,EOL-03,idle,SCHEDULED,info,35957026
2025-10-01T00:00:00,EOL-03,run,NORMAL,info,42935442
2025-10-01T11:55:35.442000,EOL-03,idle,SCHEDULED,info,43463558
2025-10-02T00:00:00,EOL-03,run,NORMAL,info,39282668
2025-10-02T10:54:42.668000,EOL-03,idle,SCHEDULED,info,47116332
2025-10-03T00:00:00,EOL-03,run,NORMAL,info,44459787
2025-10-03T12:20:59.787000,EOL-03,idle,SCHEDULED,info,41939213
2025-10-04T00:00:00,EOL-03,run,NORMAL,info,49513621
2025-10-04T13:45:13.621000,EOL-03,fault,FIXTURE_CONTACT_OPEN,high,2079269
2025-10-04T14:19:52.890000,EOL-03,idle,SCHEDULED,info,34806110
2025-10-05T00:00:00,EOL-03,run,NORMAL,info,39248324
2025-10-05T10:54:08.324000,EOL-03,idle,SCHEDULED,info,47150676
2025-10-06T00:00:00,EOL-03,run,NORMAL,info,47186489
2025-10-06T13:06:26.489000,EOL-03,fault,FIXTURE_CONTACT_OPEN,high,559790
2025-10-06T13:15:46.279000,EOL-03,idle,SCHEDULED,info,38652721
2025-10-07T00:00:00,EOL-03,run,NORMAL,info,45679729
2025-10-07T12:41:19.729000,EOL-03,idle,SCHEDULED,info,40719271
2025-10-08T00:00:00,EOL-03,run,NORMAL,info,34667301
2025-10-08T09:37:47.301000,EOL-03,idle,SCHEDULED,info,51731699
2025-10-09T00:00:00,EOL-03,run,NORMAL,info,53716930
2025-10-09T14:55:16.930000,EOL-03,idle,SCHEDULED,info,32682070
2025-10-10T00:00:00,EOL-03,run,NORMAL,info,38360395
2025-10-10T10:39:20.395000,EOL-03,idle,SCHEDULED,info,48038605
2025-10-11T00:00:00,EOL-03,run,NORMAL,info,39083205
2025-10-11T10:51:23.205000,EOL-03,idle,SCHEDULED,info,47315795
2025-10-12T00:00:00,EOL-03,run,NORMAL,info,46833846
2025-10-12T13:00:33.846000,EOL-03,idle,SCHEDULED,info,39565154
2025-10-13T00:00:00,EOL-03,run,NORMAL,info,48320731
2025-10-13T13:25:20.731000,EOL-03,idle,SCHEDULED,info,38078269
2025-10-14T00:00:00,EOL-03,run,NORMAL,info,42538549
2025-10-14T11:48:58.549000,EOL-03,idle,SCHEDULED,info,43860451
